INFO - Contur version 3.1.4
INFO - See https://hepcedar.gitlab.io/contur-webpage/
INFO - No MySQL configuration file provided, using local database
INFO - Reading config file config.dat
INFO - Config file config.dat not found. Falling back to default from /unix/cedar/junyingwu/dissertation_worktrees/observable_after_20260803/src/contur/config/default_config.dat
INFO - Using SM prediction A as default
INFO - Fit mode detected: signal_strength
INFO - Using default statistics calculation.
INFO - Run Information: ====================================== 
       Contur is running in /unix/cedar/junyingwu/contur_compare/dissertation_runs/observable_isolated_20260803T004228+0100/runs/unprofiled_1_modified 
       on files in /unix/cedar/junyingwu/contur_compare/grid_snapshot 
       Theory uncertainties assumed uncorrelated. 

INFO - Preparing grid:/unix/cedar/junyingwu/contur_compare/grid_snapshot
INFO - Removing unnecessary files from /unix/cedar/junyingwu/contur_compare/grid_snapshot.
INFO - Looking for these beams to run on: 13TeV 13_6TeV 2_76TeV 7TeV 8TeV 
INFO - Found 1 valid yoda files unix/cedar/junyingwu/contur_compare/grid_snapshot/13TeV/0000/runpoint_0000.yoda.gz
     Model point sampled at these parameter values:
      * gAXd : 1.0
      * gAq : 0.25
      * gVXd : 1.0
      * gVl : 0.25
      * gVq : 0.25
      * mXd : 10.0
      * mY1 : 10.0

INFO - Found 1 valid yoda files unix/cedar/junyingwu/contur_compare/grid_snapshot/13TeV/0001/runpoint_0001.yoda.gz
     Model point sampled at these parameter values:
      * gAXd : 1.0
      * gAq : 0.25
      * gVXd : 1.0
      * gVl : 0.25
      * gVq : 0.25
      * mXd : 187.77777777777777
      * mY1 : 10.0

INFO - Found 1 valid yoda files unix/cedar/junyingwu/contur_compare/grid_snapshot/13TeV/0002/runpoint_0002.yoda.gz
     Model point sampled at these parameter values:
      * gAXd : 1.0
      * gAq : 0.25
      * gVXd : 1.0
      * gVl : 0.25
      * gVq : 0.25
      * mXd : 365.55555555555554
      * mY1 : 10.0

INFO - Found 1 valid yoda files unix/cedar/junyingwu/contur_compare/grid_snapshot/13TeV/0003/runpoint_0003.yoda.gz
     Model point sampled at these parameter values:
      * gAXd : 1.0
      * gAq : 0.25
      * gVXd : 1.0
      * gVl : 0.25
      * gVq : 0.25
      * mXd : 543.3333333333333
      * mY1 : 10.0

INFO - Found 1 valid yoda files unix/cedar/junyingwu/contur_compare/grid_snapshot/13TeV/0004/runpoint_0004.yoda.gz
     Model point sampled at these parameter values:
      * gAXd : 1.0
      * gAq : 0.25
      * gVXd : 1.0
      * gVl : 0.25
      * gVq : 0.25
      * mXd : 721.1111111111111
      * mY1 : 10.0

INFO - Found 1 valid yoda files unix/cedar/junyingwu/contur_compare/grid_snapshot/13TeV/0005/runpoint_0005.yoda.gz
     Model point sampled at these parameter values:
      * gAXd : 1.0
      * gAq : 0.25
      * gVXd : 1.0
      * gVl : 0.25
      * gVq : 0.25
      * mXd : 898.8888888888889
      * mY1 : 10.0

INFO - Found 1 valid yoda files unix/cedar/junyingwu/contur_compare/grid_snapshot/13TeV/0006/runpoint_0006.yoda.gz
     Model point sampled at these parameter values:
      * gAXd : 1.0
      * gAq : 0.25
      * gVXd : 1.0
      * gVl : 0.25
      * gVq : 0.25
      * mXd : 1076.6666666666665
      * mY1 : 10.0

INFO - Found 1 valid yoda files unix/cedar/junyingwu/contur_compare/grid_snapshot/13TeV/0007/runpoint_0007.yoda.gz
     Model point sampled at these parameter values:
      * gAXd : 1.0
      * gAq : 0.25
      * gVXd : 1.0
      * gVl : 0.25
      * gVq : 0.25
      * mXd : 1254.4444444444443
      * mY1 : 10.0

INFO - Found 1 valid yoda files unix/cedar/junyingwu/contur_compare/grid_snapshot/13TeV/0008/runpoint_0008.yoda.gz
     Model point sampled at these parameter values:
      * gAXd : 1.0
      * gAq : 0.25
      * gVXd : 1.0
      * gVl : 0.25
      * gVq : 0.25
      * mXd : 1432.2222222222222
      * mY1 : 10.0

INFO - Found 1 valid yoda files unix/cedar/junyingwu/contur_compare/grid_snapshot/13TeV/0009/runpoint_0009.yoda.gz
     Model point sampled at these parameter values:
      * gAXd : 1.0
      * gAq : 0.25
      * gVXd : 1.0
      * gVl : 0.25
      * gVq : 0.25
      * mXd : 1610.0
      * mY1 : 10.0

INFO - Found 1 valid yoda files unix/cedar/junyingwu/contur_compare/grid_snapshot/13TeV/0010/runpoint_0010.yoda.gz
     Model point sampled at these parameter values:
      * gAXd : 1.0
      * gAq : 0.25
      * gVXd : 1.0
      * gVl : 0.25
      * gVq : 0.25
      * mXd : 10.0
      * mY1 : 410.0

INFO - Found 1 valid yoda files unix/cedar/junyingwu/contur_compare/grid_snapshot/13TeV/0011/runpoint_0011.yoda.gz
     Model point sampled at these parameter values:
      * gAXd : 1.0
      * gAq : 0.25
      * gVXd : 1.0
      * gVl : 0.25
      * gVq : 0.25
      * mXd : 187.77777777777777
      * mY1 : 410.0

INFO - Found 1 valid yoda files unix/cedar/junyingwu/contur_compare/grid_snapshot/13TeV/0012/runpoint_0012.yoda.gz
     Model point sampled at these parameter values:
      * gAXd : 1.0
      * gAq : 0.25
      * gVXd : 1.0
      * gVl : 0.25
      * gVq : 0.25
      * mXd : 365.55555555555554
      * mY1 : 410.0

INFO - Found 1 valid yoda files unix/cedar/junyingwu/contur_compare/grid_snapshot/13TeV/0013/runpoint_0013.yoda.gz
     Model point sampled at these parameter values:
      * gAXd : 1.0
      * gAq : 0.25
      * gVXd : 1.0
      * gVl : 0.25
      * gVq : 0.25
      * mXd : 543.3333333333333
      * mY1 : 410.0

INFO - Found 1 valid yoda files unix/cedar/junyingwu/contur_compare/grid_snapshot/13TeV/0014/runpoint_0014.yoda.gz
     Model point sampled at these parameter values:
      * gAXd : 1.0
      * gAq : 0.25
      * gVXd : 1.0
      * gVl : 0.25
      * gVq : 0.25
      * mXd : 721.1111111111111
      * mY1 : 410.0

INFO - Found 1 valid yoda files unix/cedar/junyingwu/contur_compare/grid_snapshot/13TeV/0015/runpoint_0015.yoda.gz
     Model point sampled at these parameter values:
      * gAXd : 1.0
      * gAq : 0.25
      * gVXd : 1.0
      * gVl : 0.25
      * gVq : 0.25
      * mXd : 898.8888888888889
      * mY1 : 410.0

INFO - Found 1 valid yoda files unix/cedar/junyingwu/contur_compare/grid_snapshot/13TeV/0016/runpoint_0016.yoda.gz
     Model point sampled at these parameter values:
      * gAXd : 1.0
      * gAq : 0.25
      * gVXd : 1.0
      * gVl : 0.25
      * gVq : 0.25
      * mXd : 1076.6666666666665
      * mY1 : 410.0

INFO - Found 1 valid yoda files unix/cedar/junyingwu/contur_compare/grid_snapshot/13TeV/0017/runpoint_0017.yoda.gz
     Model point sampled at these parameter values:
      * gAXd : 1.0
      * gAq : 0.25
      * gVXd : 1.0
      * gVl : 0.25
      * gVq : 0.25
      * mXd : 1254.4444444444443
      * mY1 : 410.0

INFO - Found 1 valid yoda files unix/cedar/junyingwu/contur_compare/grid_snapshot/13TeV/0018/runpoint_0018.yoda.gz
     Model point sampled at these parameter values:
      * gAXd : 1.0
      * gAq : 0.25
      * gVXd : 1.0
      * gVl : 0.25
      * gVq : 0.25
      * mXd : 1432.2222222222222
      * mY1 : 410.0

INFO - Found 1 valid yoda files unix/cedar/junyingwu/contur_compare/grid_snapshot/13TeV/0019/runpoint_0019.yoda.gz
     Model point sampled at these parameter values:
      * gAXd : 1.0
      * gAq : 0.25
      * gVXd : 1.0
      * gVl : 0.25
      * gVq : 0.25
      * mXd : 1610.0
      * mY1 : 410.0

INFO - Found 1 valid yoda files unix/cedar/junyingwu/contur_compare/grid_snapshot/13TeV/0020/runpoint_0020.yoda.gz
     Model point sampled at these parameter values:
      * gAXd : 1.0
      * gAq : 0.25
      * gVXd : 1.0
      * gVl : 0.25
      * gVq : 0.25
      * mXd : 10.0
      * mY1 : 810.0

INFO - Found 1 valid yoda files unix/cedar/junyingwu/contur_compare/grid_snapshot/13TeV/0021/runpoint_0021.yoda.gz
     Model point sampled at these parameter values:
      * gAXd : 1.0
      * gAq : 0.25
      * gVXd : 1.0
      * gVl : 0.25
      * gVq : 0.25
      * mXd : 187.77777777777777
      * mY1 : 810.0

INFO - Found 1 valid yoda files unix/cedar/junyingwu/contur_compare/grid_snapshot/13TeV/0022/runpoint_0022.yoda.gz
     Model point sampled at these parameter values:
      * gAXd : 1.0
      * gAq : 0.25
      * gVXd : 1.0
      * gVl : 0.25
      * gVq : 0.25
      * mXd : 365.55555555555554
      * mY1 : 810.0

INFO - Found 1 valid yoda files unix/cedar/junyingwu/contur_compare/grid_snapshot/13TeV/0023/runpoint_0023.yoda.gz
     Model point sampled at these parameter values:
      * gAXd : 1.0
      * gAq : 0.25
      * gVXd : 1.0
      * gVl : 0.25
      * gVq : 0.25
      * mXd : 543.3333333333333
      * mY1 : 810.0

INFO - Found 1 valid yoda files unix/cedar/junyingwu/contur_compare/grid_snapshot/13TeV/0024/runpoint_0024.yoda.gz
     Model point sampled at these parameter values:
      * gAXd : 1.0
      * gAq : 0.25
      * gVXd : 1.0
      * gVl : 0.25
      * gVq : 0.25
      * mXd : 721.1111111111111
      * mY1 : 810.0

INFO - Found 1 valid yoda files unix/cedar/junyingwu/contur_compare/grid_snapshot/13TeV/0025/runpoint_0025.yoda.gz
     Model point sampled at these parameter values:
      * gAXd : 1.0
      * gAq : 0.25
      * gVXd : 1.0
      * gVl : 0.25
      * gVq : 0.25
      * mXd : 898.8888888888889
      * mY1 : 810.0

INFO - Found 1 valid yoda files unix/cedar/junyingwu/contur_compare/grid_snapshot/13TeV/0026/runpoint_0026.yoda.gz
     Model point sampled at these parameter values:
      * gAXd : 1.0
      * gAq : 0.25
      * gVXd : 1.0
      * gVl : 0.25
      * gVq : 0.25
      * mXd : 1076.6666666666665
      * mY1 : 810.0

INFO - Found 1 valid yoda files unix/cedar/junyingwu/contur_compare/grid_snapshot/13TeV/0027/runpoint_0027.yoda.gz
     Model point sampled at these parameter values:
      * gAXd : 1.0
      * gAq : 0.25
      * gVXd : 1.0
      * gVl : 0.25
      * gVq : 0.25
      * mXd : 1254.4444444444443
      * mY1 : 810.0

INFO - Found 1 valid yoda files unix/cedar/junyingwu/contur_compare/grid_snapshot/13TeV/0028/runpoint_0028.yoda.gz
     Model point sampled at these parameter values:
      * gAXd : 1.0
      * gAq : 0.25
      * gVXd : 1.0
      * gVl : 0.25
      * gVq : 0.25
      * mXd : 1432.2222222222222
      * mY1 : 810.0

INFO - Found 1 valid yoda files unix/cedar/junyingwu/contur_compare/grid_snapshot/13TeV/0029/runpoint_0029.yoda.gz
     Model point sampled at these parameter values:
      * gAXd : 1.0
      * gAq : 0.25
      * gVXd : 1.0
      * gVl : 0.25
      * gVq : 0.25
      * mXd : 1610.0
      * mY1 : 810.0

INFO - Found 1 valid yoda files unix/cedar/junyingwu/contur_compare/grid_snapshot/13TeV/0030/runpoint_0030.yoda.gz
     Model point sampled at these parameter values:
      * gAXd : 1.0
      * gAq : 0.25
      * gVXd : 1.0
      * gVl : 0.25
      * gVq : 0.25
      * mXd : 10.0
      * mY1 : 1210.0

INFO - Found 1 valid yoda files unix/cedar/junyingwu/contur_compare/grid_snapshot/13TeV/0031/runpoint_0031.yoda.gz
     Model point sampled at these parameter values:
      * gAXd : 1.0
      * gAq : 0.25
      * gVXd : 1.0
      * gVl : 0.25
      * gVq : 0.25
      * mXd : 187.77777777777777
      * mY1 : 1210.0

INFO - Found 1 valid yoda files unix/cedar/junyingwu/contur_compare/grid_snapshot/13TeV/0032/runpoint_0032.yoda.gz
     Model point sampled at these parameter values:
      * gAXd : 1.0
      * gAq : 0.25
      * gVXd : 1.0
      * gVl : 0.25
      * gVq : 0.25
      * mXd : 365.55555555555554
      * mY1 : 1210.0

INFO - Found 1 valid yoda files unix/cedar/junyingwu/contur_compare/grid_snapshot/13TeV/0033/runpoint_0033.yoda.gz
     Model point sampled at these parameter values:
      * gAXd : 1.0
      * gAq : 0.25
      * gVXd : 1.0
      * gVl : 0.25
      * gVq : 0.25
      * mXd : 543.3333333333333
      * mY1 : 1210.0

INFO - Found 1 valid yoda files unix/cedar/junyingwu/contur_compare/grid_snapshot/13TeV/0034/runpoint_0034.yoda.gz
     Model point sampled at these parameter values:
      * gAXd : 1.0
      * gAq : 0.25
      * gVXd : 1.0
      * gVl : 0.25
      * gVq : 0.25
      * mXd : 721.1111111111111
      * mY1 : 1210.0

INFO - Found 1 valid yoda files unix/cedar/junyingwu/contur_compare/grid_snapshot/13TeV/0035/runpoint_0035.yoda.gz
     Model point sampled at these parameter values:
      * gAXd : 1.0
      * gAq : 0.25
      * gVXd : 1.0
      * gVl : 0.25
      * gVq : 0.25
      * mXd : 898.8888888888889
      * mY1 : 1210.0

INFO - Found 1 valid yoda files unix/cedar/junyingwu/contur_compare/grid_snapshot/13TeV/0036/runpoint_0036.yoda.gz
     Model point sampled at these parameter values:
      * gAXd : 1.0
      * gAq : 0.25
      * gVXd : 1.0
      * gVl : 0.25
      * gVq : 0.25
      * mXd : 1076.6666666666665
      * mY1 : 1210.0

INFO - Found 1 valid yoda files unix/cedar/junyingwu/contur_compare/grid_snapshot/13TeV/0037/runpoint_0037.yoda.gz
     Model point sampled at these parameter values:
      * gAXd : 1.0
      * gAq : 0.25
      * gVXd : 1.0
      * gVl : 0.25
      * gVq : 0.25
      * mXd : 1254.4444444444443
      * mY1 : 1210.0

INFO - Found 1 valid yoda files unix/cedar/junyingwu/contur_compare/grid_snapshot/13TeV/0038/runpoint_0038.yoda.gz
     Model point sampled at these parameter values:
      * gAXd : 1.0
      * gAq : 0.25
      * gVXd : 1.0
      * gVl : 0.25
      * gVq : 0.25
      * mXd : 1432.2222222222222
      * mY1 : 1210.0

INFO - Found 1 valid yoda files unix/cedar/junyingwu/contur_compare/grid_snapshot/13TeV/0039/runpoint_0039.yoda.gz
     Model point sampled at these parameter values:
      * gAXd : 1.0
      * gAq : 0.25
      * gVXd : 1.0
      * gVl : 0.25
      * gVq : 0.25
      * mXd : 1610.0
      * mY1 : 1210.0

INFO - Found 1 valid yoda files unix/cedar/junyingwu/contur_compare/grid_snapshot/13TeV/0040/runpoint_0040.yoda.gz
     Model point sampled at these parameter values:
      * gAXd : 1.0
      * gAq : 0.25
      * gVXd : 1.0
      * gVl : 0.25
      * gVq : 0.25
      * mXd : 10.0
      * mY1 : 1610.0

INFO - Found 1 valid yoda files unix/cedar/junyingwu/contur_compare/grid_snapshot/13TeV/0041/runpoint_0041.yoda.gz
     Model point sampled at these parameter values:
      * gAXd : 1.0
      * gAq : 0.25
      * gVXd : 1.0
      * gVl : 0.25
      * gVq : 0.25
      * mXd : 187.77777777777777
      * mY1 : 1610.0

INFO - Found 1 valid yoda files unix/cedar/junyingwu/contur_compare/grid_snapshot/13TeV/0042/runpoint_0042.yoda.gz
     Model point sampled at these parameter values:
      * gAXd : 1.0
      * gAq : 0.25
      * gVXd : 1.0
      * gVl : 0.25
      * gVq : 0.25
      * mXd : 365.55555555555554
      * mY1 : 1610.0

INFO - Found 1 valid yoda files unix/cedar/junyingwu/contur_compare/grid_snapshot/13TeV/0043/runpoint_0043.yoda.gz
     Model point sampled at these parameter values:
      * gAXd : 1.0
      * gAq : 0.25
      * gVXd : 1.0
      * gVl : 0.25
      * gVq : 0.25
      * mXd : 543.3333333333333
      * mY1 : 1610.0

INFO - Found 1 valid yoda files unix/cedar/junyingwu/contur_compare/grid_snapshot/13TeV/0044/runpoint_0044.yoda.gz
     Model point sampled at these parameter values:
      * gAXd : 1.0
      * gAq : 0.25
      * gVXd : 1.0
      * gVl : 0.25
      * gVq : 0.25
      * mXd : 721.1111111111111
      * mY1 : 1610.0

INFO - Found 1 valid yoda files unix/cedar/junyingwu/contur_compare/grid_snapshot/13TeV/0045/runpoint_0045.yoda.gz
     Model point sampled at these parameter values:
      * gAXd : 1.0
      * gAq : 0.25
      * gVXd : 1.0
      * gVl : 0.25
      * gVq : 0.25
      * mXd : 898.8888888888889
      * mY1 : 1610.0

INFO - Found 1 valid yoda files unix/cedar/junyingwu/contur_compare/grid_snapshot/13TeV/0046/runpoint_0046.yoda.gz
     Model point sampled at these parameter values:
      * gAXd : 1.0
      * gAq : 0.25
      * gVXd : 1.0
      * gVl : 0.25
      * gVq : 0.25
      * mXd : 1076.6666666666665
      * mY1 : 1610.0

INFO - Found 1 valid yoda files unix/cedar/junyingwu/contur_compare/grid_snapshot/13TeV/0047/runpoint_0047.yoda.gz
     Model point sampled at these parameter values:
      * gAXd : 1.0
      * gAq : 0.25
      * gVXd : 1.0
      * gVl : 0.25
      * gVq : 0.25
      * mXd : 1254.4444444444443
      * mY1 : 1610.0

INFO - Found 1 valid yoda files unix/cedar/junyingwu/contur_compare/grid_snapshot/13TeV/0048/runpoint_0048.yoda.gz
     Model point sampled at these parameter values:
      * gAXd : 1.0
      * gAq : 0.25
      * gVXd : 1.0
      * gVl : 0.25
      * gVq : 0.25
      * mXd : 1432.2222222222222
      * mY1 : 1610.0

INFO - Found 1 valid yoda files unix/cedar/junyingwu/contur_compare/grid_snapshot/13TeV/0049/runpoint_0049.yoda.gz
     Model point sampled at these parameter values:
      * gAXd : 1.0
      * gAq : 0.25
      * gVXd : 1.0
      * gVl : 0.25
      * gVq : 0.25
      * mXd : 1610.0
      * mY1 : 1610.0

INFO - Found 1 valid yoda files unix/cedar/junyingwu/contur_compare/grid_snapshot/13TeV/0050/runpoint_0050.yoda.gz
     Model point sampled at these parameter values:
      * gAXd : 1.0
      * gAq : 0.25
      * gVXd : 1.0
      * gVl : 0.25
      * gVq : 0.25
      * mXd : 10.0
      * mY1 : 2010.0

INFO - Found 1 valid yoda files unix/cedar/junyingwu/contur_compare/grid_snapshot/13TeV/0051/runpoint_0051.yoda.gz
     Model point sampled at these parameter values:
      * gAXd : 1.0
      * gAq : 0.25
      * gVXd : 1.0
      * gVl : 0.25
      * gVq : 0.25
      * mXd : 187.77777777777777
      * mY1 : 2010.0

INFO - Found 1 valid yoda files unix/cedar/junyingwu/contur_compare/grid_snapshot/13TeV/0052/runpoint_0052.yoda.gz
     Model point sampled at these parameter values:
      * gAXd : 1.0
      * gAq : 0.25
      * gVXd : 1.0
      * gVl : 0.25
      * gVq : 0.25
      * mXd : 365.55555555555554
      * mY1 : 2010.0

INFO - Found 1 valid yoda files unix/cedar/junyingwu/contur_compare/grid_snapshot/13TeV/0053/runpoint_0053.yoda.gz
     Model point sampled at these parameter values:
      * gAXd : 1.0
      * gAq : 0.25
      * gVXd : 1.0
      * gVl : 0.25
      * gVq : 0.25
      * mXd : 543.3333333333333
      * mY1 : 2010.0

INFO - Found 1 valid yoda files unix/cedar/junyingwu/contur_compare/grid_snapshot/13TeV/0054/runpoint_0054.yoda.gz
     Model point sampled at these parameter values:
      * gAXd : 1.0
      * gAq : 0.25
      * gVXd : 1.0
      * gVl : 0.25
      * gVq : 0.25
      * mXd : 721.1111111111111
      * mY1 : 2010.0

INFO - Found 1 valid yoda files unix/cedar/junyingwu/contur_compare/grid_snapshot/13TeV/0055/runpoint_0055.yoda.gz
     Model point sampled at these parameter values:
      * gAXd : 1.0
      * gAq : 0.25
      * gVXd : 1.0
      * gVl : 0.25
      * gVq : 0.25
      * mXd : 898.8888888888889
      * mY1 : 2010.0

INFO - Found 1 valid yoda files unix/cedar/junyingwu/contur_compare/grid_snapshot/13TeV/0056/runpoint_0056.yoda.gz
     Model point sampled at these parameter values:
      * gAXd : 1.0
      * gAq : 0.25
      * gVXd : 1.0
      * gVl : 0.25
      * gVq : 0.25
      * mXd : 1076.6666666666665
      * mY1 : 2010.0

INFO - Found 1 valid yoda files unix/cedar/junyingwu/contur_compare/grid_snapshot/13TeV/0057/runpoint_0057.yoda.gz
     Model point sampled at these parameter values:
      * gAXd : 1.0
      * gAq : 0.25
      * gVXd : 1.0
      * gVl : 0.25
      * gVq : 0.25
      * mXd : 1254.4444444444443
      * mY1 : 2010.0

INFO - Found 1 valid yoda files unix/cedar/junyingwu/contur_compare/grid_snapshot/13TeV/0058/runpoint_0058.yoda.gz
     Model point sampled at these parameter values:
      * gAXd : 1.0
      * gAq : 0.25
      * gVXd : 1.0
      * gVl : 0.25
      * gVq : 0.25
      * mXd : 1432.2222222222222
      * mY1 : 2010.0

INFO - Found 1 valid yoda files unix/cedar/junyingwu/contur_compare/grid_snapshot/13TeV/0059/runpoint_0059.yoda.gz
     Model point sampled at these parameter values:
      * gAXd : 1.0
      * gAq : 0.25
      * gVXd : 1.0
      * gVl : 0.25
      * gVq : 0.25
      * mXd : 1610.0
      * mY1 : 2010.0

INFO - Found 1 valid yoda files unix/cedar/junyingwu/contur_compare/grid_snapshot/13TeV/0060/runpoint_0060.yoda.gz
     Model point sampled at these parameter values:
      * gAXd : 1.0
      * gAq : 0.25
      * gVXd : 1.0
      * gVl : 0.25
      * gVq : 0.25
      * mXd : 10.0
      * mY1 : 2410.0

INFO - Found 1 valid yoda files unix/cedar/junyingwu/contur_compare/grid_snapshot/13TeV/0061/runpoint_0061.yoda.gz
     Model point sampled at these parameter values:
      * gAXd : 1.0
      * gAq : 0.25
      * gVXd : 1.0
      * gVl : 0.25
      * gVq : 0.25
      * mXd : 187.77777777777777
      * mY1 : 2410.0

INFO - Found 1 valid yoda files unix/cedar/junyingwu/contur_compare/grid_snapshot/13TeV/0062/runpoint_0062.yoda.gz
     Model point sampled at these parameter values:
      * gAXd : 1.0
      * gAq : 0.25
      * gVXd : 1.0
      * gVl : 0.25
      * gVq : 0.25
      * mXd : 365.55555555555554
      * mY1 : 2410.0

INFO - Found 1 valid yoda files unix/cedar/junyingwu/contur_compare/grid_snapshot/13TeV/0063/runpoint_0063.yoda.gz
     Model point sampled at these parameter values:
      * gAXd : 1.0
      * gAq : 0.25
      * gVXd : 1.0
      * gVl : 0.25
      * gVq : 0.25
      * mXd : 543.3333333333333
      * mY1 : 2410.0

INFO - Found 1 valid yoda files unix/cedar/junyingwu/contur_compare/grid_snapshot/13TeV/0064/runpoint_0064.yoda.gz
     Model point sampled at these parameter values:
      * gAXd : 1.0
      * gAq : 0.25
      * gVXd : 1.0
      * gVl : 0.25
      * gVq : 0.25
      * mXd : 721.1111111111111
      * mY1 : 2410.0

INFO - Found 1 valid yoda files unix/cedar/junyingwu/contur_compare/grid_snapshot/13TeV/0065/runpoint_0065.yoda.gz
     Model point sampled at these parameter values:
      * gAXd : 1.0
      * gAq : 0.25
      * gVXd : 1.0
      * gVl : 0.25
      * gVq : 0.25
      * mXd : 898.8888888888889
      * mY1 : 2410.0

INFO - Found 1 valid yoda files unix/cedar/junyingwu/contur_compare/grid_snapshot/13TeV/0066/runpoint_0066.yoda.gz
     Model point sampled at these parameter values:
      * gAXd : 1.0
      * gAq : 0.25
      * gVXd : 1.0
      * gVl : 0.25
      * gVq : 0.25
      * mXd : 1076.6666666666665
      * mY1 : 2410.0

INFO - Found 1 valid yoda files unix/cedar/junyingwu/contur_compare/grid_snapshot/13TeV/0067/runpoint_0067.yoda.gz
     Model point sampled at these parameter values:
      * gAXd : 1.0
      * gAq : 0.25
      * gVXd : 1.0
      * gVl : 0.25
      * gVq : 0.25
      * mXd : 1254.4444444444443
      * mY1 : 2410.0

INFO - Found 1 valid yoda files unix/cedar/junyingwu/contur_compare/grid_snapshot/13TeV/0068/runpoint_0068.yoda.gz
     Model point sampled at these parameter values:
      * gAXd : 1.0
      * gAq : 0.25
      * gVXd : 1.0
      * gVl : 0.25
      * gVq : 0.25
      * mXd : 1432.2222222222222
      * mY1 : 2410.0

INFO - Found 1 valid yoda files unix/cedar/junyingwu/contur_compare/grid_snapshot/13TeV/0069/runpoint_0069.yoda.gz
     Model point sampled at these parameter values:
      * gAXd : 1.0
      * gAq : 0.25
      * gVXd : 1.0
      * gVl : 0.25
      * gVq : 0.25
      * mXd : 1610.0
      * mY1 : 2410.0

INFO - Found 1 valid yoda files unix/cedar/junyingwu/contur_compare/grid_snapshot/13TeV/0070/runpoint_0070.yoda.gz
     Model point sampled at these parameter values:
      * gAXd : 1.0
      * gAq : 0.25
      * gVXd : 1.0
      * gVl : 0.25
      * gVq : 0.25
      * mXd : 10.0
      * mY1 : 2810.0

INFO - Found 1 valid yoda files unix/cedar/junyingwu/contur_compare/grid_snapshot/13TeV/0071/runpoint_0071.yoda.gz
     Model point sampled at these parameter values:
      * gAXd : 1.0
      * gAq : 0.25
      * gVXd : 1.0
      * gVl : 0.25
      * gVq : 0.25
      * mXd : 187.77777777777777
      * mY1 : 2810.0

INFO - Found 1 valid yoda files unix/cedar/junyingwu/contur_compare/grid_snapshot/13TeV/0072/runpoint_0072.yoda.gz
     Model point sampled at these parameter values:
      * gAXd : 1.0
      * gAq : 0.25
      * gVXd : 1.0
      * gVl : 0.25
      * gVq : 0.25
      * mXd : 365.55555555555554
      * mY1 : 2810.0

INFO - Found 1 valid yoda files unix/cedar/junyingwu/contur_compare/grid_snapshot/13TeV/0073/runpoint_0073.yoda.gz
     Model point sampled at these parameter values:
      * gAXd : 1.0
      * gAq : 0.25
      * gVXd : 1.0
      * gVl : 0.25
      * gVq : 0.25
      * mXd : 543.3333333333333
      * mY1 : 2810.0

INFO - Found 1 valid yoda files unix/cedar/junyingwu/contur_compare/grid_snapshot/13TeV/0074/runpoint_0074.yoda.gz
     Model point sampled at these parameter values:
      * gAXd : 1.0
      * gAq : 0.25
      * gVXd : 1.0
      * gVl : 0.25
      * gVq : 0.25
      * mXd : 721.1111111111111
      * mY1 : 2810.0

INFO - Found 1 valid yoda files unix/cedar/junyingwu/contur_compare/grid_snapshot/13TeV/0075/runpoint_0075.yoda.gz
     Model point sampled at these parameter values:
      * gAXd : 1.0
      * gAq : 0.25
      * gVXd : 1.0
      * gVl : 0.25
      * gVq : 0.25
      * mXd : 898.8888888888889
      * mY1 : 2810.0

INFO - Found 1 valid yoda files unix/cedar/junyingwu/contur_compare/grid_snapshot/13TeV/0076/runpoint_0076.yoda.gz
     Model point sampled at these parameter values:
      * gAXd : 1.0
      * gAq : 0.25
      * gVXd : 1.0
      * gVl : 0.25
      * gVq : 0.25
      * mXd : 1076.6666666666665
      * mY1 : 2810.0

INFO - Found 1 valid yoda files unix/cedar/junyingwu/contur_compare/grid_snapshot/13TeV/0077/runpoint_0077.yoda.gz
     Model point sampled at these parameter values:
      * gAXd : 1.0
      * gAq : 0.25
      * gVXd : 1.0
      * gVl : 0.25
      * gVq : 0.25
      * mXd : 1254.4444444444443
      * mY1 : 2810.0

INFO - Found 1 valid yoda files unix/cedar/junyingwu/contur_compare/grid_snapshot/13TeV/0078/runpoint_0078.yoda.gz
     Model point sampled at these parameter values:
      * gAXd : 1.0
      * gAq : 0.25
      * gVXd : 1.0
      * gVl : 0.25
      * gVq : 0.25
      * mXd : 1432.2222222222222
      * mY1 : 2810.0

INFO - Found 1 valid yoda files unix/cedar/junyingwu/contur_compare/grid_snapshot/13TeV/0079/runpoint_0079.yoda.gz
     Model point sampled at these parameter values:
      * gAXd : 1.0
      * gAq : 0.25
      * gVXd : 1.0
      * gVl : 0.25
      * gVq : 0.25
      * mXd : 1610.0
      * mY1 : 2810.0

INFO - Found 1 valid yoda files unix/cedar/junyingwu/contur_compare/grid_snapshot/13TeV/0080/runpoint_0080.yoda.gz
     Model point sampled at these parameter values:
      * gAXd : 1.0
      * gAq : 0.25
      * gVXd : 1.0
      * gVl : 0.25
      * gVq : 0.25
      * mXd : 10.0
      * mY1 : 3210.0

INFO - Found 1 valid yoda files unix/cedar/junyingwu/contur_compare/grid_snapshot/13TeV/0081/runpoint_0081.yoda.gz
     Model point sampled at these parameter values:
      * gAXd : 1.0
      * gAq : 0.25
      * gVXd : 1.0
      * gVl : 0.25
      * gVq : 0.25
      * mXd : 187.77777777777777
      * mY1 : 3210.0

INFO - Found 1 valid yoda files unix/cedar/junyingwu/contur_compare/grid_snapshot/13TeV/0082/runpoint_0082.yoda.gz
     Model point sampled at these parameter values:
      * gAXd : 1.0
      * gAq : 0.25
      * gVXd : 1.0
      * gVl : 0.25
      * gVq : 0.25
      * mXd : 365.55555555555554
      * mY1 : 3210.0

INFO - Found 1 valid yoda files unix/cedar/junyingwu/contur_compare/grid_snapshot/13TeV/0083/runpoint_0083.yoda.gz
     Model point sampled at these parameter values:
      * gAXd : 1.0
      * gAq : 0.25
      * gVXd : 1.0
      * gVl : 0.25
      * gVq : 0.25
      * mXd : 543.3333333333333
      * mY1 : 3210.0

INFO - Found 1 valid yoda files unix/cedar/junyingwu/contur_compare/grid_snapshot/13TeV/0084/runpoint_0084.yoda.gz
     Model point sampled at these parameter values:
      * gAXd : 1.0
      * gAq : 0.25
      * gVXd : 1.0
      * gVl : 0.25
      * gVq : 0.25
      * mXd : 721.1111111111111
      * mY1 : 3210.0

INFO - Found 1 valid yoda files unix/cedar/junyingwu/contur_compare/grid_snapshot/13TeV/0085/runpoint_0085.yoda.gz
     Model point sampled at these parameter values:
      * gAXd : 1.0
      * gAq : 0.25
      * gVXd : 1.0
      * gVl : 0.25
      * gVq : 0.25
      * mXd : 898.8888888888889
      * mY1 : 3210.0

INFO - Found 1 valid yoda files unix/cedar/junyingwu/contur_compare/grid_snapshot/13TeV/0086/runpoint_0086.yoda.gz
     Model point sampled at these parameter values:
      * gAXd : 1.0
      * gAq : 0.25
      * gVXd : 1.0
      * gVl : 0.25
      * gVq : 0.25
      * mXd : 1076.6666666666665
      * mY1 : 3210.0

INFO - Found 1 valid yoda files unix/cedar/junyingwu/contur_compare/grid_snapshot/13TeV/0087/runpoint_0087.yoda.gz
     Model point sampled at these parameter values:
      * gAXd : 1.0
      * gAq : 0.25
      * gVXd : 1.0
      * gVl : 0.25
      * gVq : 0.25
      * mXd : 1254.4444444444443
      * mY1 : 3210.0

INFO - Found 1 valid yoda files unix/cedar/junyingwu/contur_compare/grid_snapshot/13TeV/0088/runpoint_0088.yoda.gz
     Model point sampled at these parameter values:
      * gAXd : 1.0
      * gAq : 0.25
      * gVXd : 1.0
      * gVl : 0.25
      * gVq : 0.25
      * mXd : 1432.2222222222222
      * mY1 : 3210.0

INFO - Found 1 valid yoda files unix/cedar/junyingwu/contur_compare/grid_snapshot/13TeV/0089/runpoint_0089.yoda.gz
     Model point sampled at these parameter values:
      * gAXd : 1.0
      * gAq : 0.25
      * gVXd : 1.0
      * gVl : 0.25
      * gVq : 0.25
      * mXd : 1610.0
      * mY1 : 3210.0

INFO - Found 1 valid yoda files unix/cedar/junyingwu/contur_compare/grid_snapshot/13TeV/0090/runpoint_0090.yoda.gz
     Model point sampled at these parameter values:
      * gAXd : 1.0
      * gAq : 0.25
      * gVXd : 1.0
      * gVl : 0.25
      * gVq : 0.25
      * mXd : 10.0
      * mY1 : 3610.0

INFO - Found 1 valid yoda files unix/cedar/junyingwu/contur_compare/grid_snapshot/13TeV/0091/runpoint_0091.yoda.gz
     Model point sampled at these parameter values:
      * gAXd : 1.0
      * gAq : 0.25
      * gVXd : 1.0
      * gVl : 0.25
      * gVq : 0.25
      * mXd : 187.77777777777777
      * mY1 : 3610.0

INFO - Found 1 valid yoda files unix/cedar/junyingwu/contur_compare/grid_snapshot/13TeV/0092/runpoint_0092.yoda.gz
     Model point sampled at these parameter values:
      * gAXd : 1.0
      * gAq : 0.25
      * gVXd : 1.0
      * gVl : 0.25
      * gVq : 0.25
      * mXd : 365.55555555555554
      * mY1 : 3610.0

INFO - Found 1 valid yoda files unix/cedar/junyingwu/contur_compare/grid_snapshot/13TeV/0093/runpoint_0093.yoda.gz
     Model point sampled at these parameter values:
      * gAXd : 1.0
      * gAq : 0.25
      * gVXd : 1.0
      * gVl : 0.25
      * gVq : 0.25
      * mXd : 543.3333333333333
      * mY1 : 3610.0

INFO - Found 1 valid yoda files unix/cedar/junyingwu/contur_compare/grid_snapshot/13TeV/0094/runpoint_0094.yoda.gz
     Model point sampled at these parameter values:
      * gAXd : 1.0
      * gAq : 0.25
      * gVXd : 1.0
      * gVl : 0.25
      * gVq : 0.25
      * mXd : 721.1111111111111
      * mY1 : 3610.0

INFO - Found 1 valid yoda files unix/cedar/junyingwu/contur_compare/grid_snapshot/13TeV/0095/runpoint_0095.yoda.gz
     Model point sampled at these parameter values:
      * gAXd : 1.0
      * gAq : 0.25
      * gVXd : 1.0
      * gVl : 0.25
      * gVq : 0.25
      * mXd : 898.8888888888889
      * mY1 : 3610.0

INFO - Found 1 valid yoda files unix/cedar/junyingwu/contur_compare/grid_snapshot/13TeV/0096/runpoint_0096.yoda.gz
     Model point sampled at these parameter values:
      * gAXd : 1.0
      * gAq : 0.25
      * gVXd : 1.0
      * gVl : 0.25
      * gVq : 0.25
      * mXd : 1076.6666666666665
      * mY1 : 3610.0

INFO - Found 1 valid yoda files unix/cedar/junyingwu/contur_compare/grid_snapshot/13TeV/0097/runpoint_0097.yoda.gz
     Model point sampled at these parameter values:
      * gAXd : 1.0
      * gAq : 0.25
      * gVXd : 1.0
      * gVl : 0.25
      * gVq : 0.25
      * mXd : 1254.4444444444443
      * mY1 : 3610.0

INFO - Found 1 valid yoda files unix/cedar/junyingwu/contur_compare/grid_snapshot/13TeV/0098/runpoint_0098.yoda.gz
     Model point sampled at these parameter values:
      * gAXd : 1.0
      * gAq : 0.25
      * gVXd : 1.0
      * gVl : 0.25
      * gVq : 0.25
      * mXd : 1432.2222222222222
      * mY1 : 3610.0

INFO - Found 1 valid yoda files unix/cedar/junyingwu/contur_compare/grid_snapshot/13TeV/0099/runpoint_0099.yoda.gz
     Model point sampled at these parameter values:
      * gAXd : 1.0
      * gAq : 0.25
      * gVXd : 1.0
      * gVl : 0.25
      * gVq : 0.25
      * mXd : 1610.0
      * mY1 : 3610.0

INFO - Found 1 valid yoda files unix/cedar/junyingwu/contur_compare/grid_snapshot/7TeV/0000/runpoint_0000.yoda.gz
     Model point sampled at these parameter values:
      * gAXd : 1.0
      * gAq : 0.25
      * gVXd : 1.0
      * gVl : 0.25
      * gVq : 0.25
      * mXd : 10.0
      * mY1 : 10.0

INFO - Found 1 valid yoda files unix/cedar/junyingwu/contur_compare/grid_snapshot/7TeV/0001/runpoint_0001.yoda.gz
     Model point sampled at these parameter values:
      * gAXd : 1.0
      * gAq : 0.25
      * gVXd : 1.0
      * gVl : 0.25
      * gVq : 0.25
      * mXd : 187.77777777777777
      * mY1 : 10.0

INFO - Found 1 valid yoda files unix/cedar/junyingwu/contur_compare/grid_snapshot/7TeV/0002/runpoint_0002.yoda.gz
     Model point sampled at these parameter values:
      * gAXd : 1.0
      * gAq : 0.25
      * gVXd : 1.0
      * gVl : 0.25
      * gVq : 0.25
      * mXd : 365.55555555555554
      * mY1 : 10.0

INFO - Found 1 valid yoda files unix/cedar/junyingwu/contur_compare/grid_snapshot/7TeV/0003/runpoint_0003.yoda.gz
     Model point sampled at these parameter values:
      * gAXd : 1.0
      * gAq : 0.25
      * gVXd : 1.0
      * gVl : 0.25
      * gVq : 0.25
      * mXd : 543.3333333333333
      * mY1 : 10.0

INFO - Found 1 valid yoda files unix/cedar/junyingwu/contur_compare/grid_snapshot/7TeV/0004/runpoint_0004.yoda.gz
     Model point sampled at these parameter values:
      * gAXd : 1.0
      * gAq : 0.25
      * gVXd : 1.0
      * gVl : 0.25
      * gVq : 0.25
      * mXd : 721.1111111111111
      * mY1 : 10.0

INFO - Found 1 valid yoda files unix/cedar/junyingwu/contur_compare/grid_snapshot/7TeV/0005/runpoint_0005.yoda.gz
     Model point sampled at these parameter values:
      * gAXd : 1.0
      * gAq : 0.25
      * gVXd : 1.0
      * gVl : 0.25
      * gVq : 0.25
      * mXd : 898.8888888888889
      * mY1 : 10.0

INFO - Found 1 valid yoda files unix/cedar/junyingwu/contur_compare/grid_snapshot/7TeV/0006/runpoint_0006.yoda.gz
     Model point sampled at these parameter values:
      * gAXd : 1.0
      * gAq : 0.25
      * gVXd : 1.0
      * gVl : 0.25
      * gVq : 0.25
      * mXd : 1076.6666666666665
      * mY1 : 10.0

INFO - Found 1 valid yoda files unix/cedar/junyingwu/contur_compare/grid_snapshot/7TeV/0007/runpoint_0007.yoda.gz
     Model point sampled at these parameter values:
      * gAXd : 1.0
      * gAq : 0.25
      * gVXd : 1.0
      * gVl : 0.25
      * gVq : 0.25
      * mXd : 1254.4444444444443
      * mY1 : 10.0

INFO - Found 1 valid yoda files unix/cedar/junyingwu/contur_compare/grid_snapshot/7TeV/0008/runpoint_0008.yoda.gz
     Model point sampled at these parameter values:
      * gAXd : 1.0
      * gAq : 0.25
      * gVXd : 1.0
      * gVl : 0.25
      * gVq : 0.25
      * mXd : 1432.2222222222222
      * mY1 : 10.0

INFO - Found 1 valid yoda files unix/cedar/junyingwu/contur_compare/grid_snapshot/7TeV/0009/runpoint_0009.yoda.gz
     Model point sampled at these parameter values:
      * gAXd : 1.0
      * gAq : 0.25
      * gVXd : 1.0
      * gVl : 0.25
      * gVq : 0.25
      * mXd : 1610.0
      * mY1 : 10.0

INFO - Found 1 valid yoda files unix/cedar/junyingwu/contur_compare/grid_snapshot/7TeV/0010/runpoint_0010.yoda.gz
     Model point sampled at these parameter values:
      * gAXd : 1.0
      * gAq : 0.25
      * gVXd : 1.0
      * gVl : 0.25
      * gVq : 0.25
      * mXd : 10.0
      * mY1 : 410.0

INFO - Found 1 valid yoda files unix/cedar/junyingwu/contur_compare/grid_snapshot/7TeV/0011/runpoint_0011.yoda.gz
     Model point sampled at these parameter values:
      * gAXd : 1.0
      * gAq : 0.25
      * gVXd : 1.0
      * gVl : 0.25
      * gVq : 0.25
      * mXd : 187.77777777777777
      * mY1 : 410.0

INFO - Found 1 valid yoda files unix/cedar/junyingwu/contur_compare/grid_snapshot/7TeV/0012/runpoint_0012.yoda.gz
     Model point sampled at these parameter values:
      * gAXd : 1.0
      * gAq : 0.25
      * gVXd : 1.0
      * gVl : 0.25
      * gVq : 0.25
      * mXd : 365.55555555555554
      * mY1 : 410.0

INFO - Found 1 valid yoda files unix/cedar/junyingwu/contur_compare/grid_snapshot/7TeV/0013/runpoint_0013.yoda.gz
     Model point sampled at these parameter values:
      * gAXd : 1.0
      * gAq : 0.25
      * gVXd : 1.0
      * gVl : 0.25
      * gVq : 0.25
      * mXd : 543.3333333333333
      * mY1 : 410.0

INFO - Found 1 valid yoda files unix/cedar/junyingwu/contur_compare/grid_snapshot/7TeV/0014/runpoint_0014.yoda.gz
     Model point sampled at these parameter values:
      * gAXd : 1.0
      * gAq : 0.25
      * gVXd : 1.0
      * gVl : 0.25
      * gVq : 0.25
      * mXd : 721.1111111111111
      * mY1 : 410.0

INFO - Found 1 valid yoda files unix/cedar/junyingwu/contur_compare/grid_snapshot/7TeV/0015/runpoint_0015.yoda.gz
     Model point sampled at these parameter values:
      * gAXd : 1.0
      * gAq : 0.25
      * gVXd : 1.0
      * gVl : 0.25
      * gVq : 0.25
      * mXd : 898.8888888888889
      * mY1 : 410.0

INFO - Found 1 valid yoda files unix/cedar/junyingwu/contur_compare/grid_snapshot/7TeV/0016/runpoint_0016.yoda.gz
     Model point sampled at these parameter values:
      * gAXd : 1.0
      * gAq : 0.25
      * gVXd : 1.0
      * gVl : 0.25
      * gVq : 0.25
      * mXd : 1076.6666666666665
      * mY1 : 410.0

INFO - Found 1 valid yoda files unix/cedar/junyingwu/contur_compare/grid_snapshot/7TeV/0017/runpoint_0017.yoda.gz
     Model point sampled at these parameter values:
      * gAXd : 1.0
      * gAq : 0.25
      * gVXd : 1.0
      * gVl : 0.25
      * gVq : 0.25
      * mXd : 1254.4444444444443
      * mY1 : 410.0

INFO - Found 1 valid yoda files unix/cedar/junyingwu/contur_compare/grid_snapshot/7TeV/0018/runpoint_0018.yoda.gz
     Model point sampled at these parameter values:
      * gAXd : 1.0
      * gAq : 0.25
      * gVXd : 1.0
      * gVl : 0.25
      * gVq : 0.25
      * mXd : 1432.2222222222222
      * mY1 : 410.0

INFO - Found 1 valid yoda files unix/cedar/junyingwu/contur_compare/grid_snapshot/7TeV/0019/runpoint_0019.yoda.gz
     Model point sampled at these parameter values:
      * gAXd : 1.0
      * gAq : 0.25
      * gVXd : 1.0
      * gVl : 0.25
      * gVq : 0.25
      * mXd : 1610.0
      * mY1 : 410.0

INFO - Found 1 valid yoda files unix/cedar/junyingwu/contur_compare/grid_snapshot/7TeV/0020/runpoint_0020.yoda.gz
     Model point sampled at these parameter values:
      * gAXd : 1.0
      * gAq : 0.25
      * gVXd : 1.0
      * gVl : 0.25
      * gVq : 0.25
      * mXd : 10.0
      * mY1 : 810.0

INFO - Found 1 valid yoda files unix/cedar/junyingwu/contur_compare/grid_snapshot/7TeV/0021/runpoint_0021.yoda.gz
     Model point sampled at these parameter values:
      * gAXd : 1.0
      * gAq : 0.25
      * gVXd : 1.0
      * gVl : 0.25
      * gVq : 0.25
      * mXd : 187.77777777777777
      * mY1 : 810.0

INFO - Found 1 valid yoda files unix/cedar/junyingwu/contur_compare/grid_snapshot/7TeV/0022/runpoint_0022.yoda.gz
     Model point sampled at these parameter values:
      * gAXd : 1.0
      * gAq : 0.25
      * gVXd : 1.0
      * gVl : 0.25
      * gVq : 0.25
      * mXd : 365.55555555555554
      * mY1 : 810.0

INFO - Found 1 valid yoda files unix/cedar/junyingwu/contur_compare/grid_snapshot/7TeV/0023/runpoint_0023.yoda.gz
     Model point sampled at these parameter values:
      * gAXd : 1.0
      * gAq : 0.25
      * gVXd : 1.0
      * gVl : 0.25
      * gVq : 0.25
      * mXd : 543.3333333333333
      * mY1 : 810.0

INFO - Found 1 valid yoda files unix/cedar/junyingwu/contur_compare/grid_snapshot/7TeV/0024/runpoint_0024.yoda.gz
     Model point sampled at these parameter values:
      * gAXd : 1.0
      * gAq : 0.25
      * gVXd : 1.0
      * gVl : 0.25
      * gVq : 0.25
      * mXd : 721.1111111111111
      * mY1 : 810.0

INFO - Found 1 valid yoda files unix/cedar/junyingwu/contur_compare/grid_snapshot/7TeV/0025/runpoint_0025.yoda.gz
     Model point sampled at these parameter values:
      * gAXd : 1.0
      * gAq : 0.25
      * gVXd : 1.0
      * gVl : 0.25
      * gVq : 0.25
      * mXd : 898.8888888888889
      * mY1 : 810.0

INFO - Found 1 valid yoda files unix/cedar/junyingwu/contur_compare/grid_snapshot/7TeV/0026/runpoint_0026.yoda.gz
     Model point sampled at these parameter values:
      * gAXd : 1.0
      * gAq : 0.25
      * gVXd : 1.0
      * gVl : 0.25
      * gVq : 0.25
      * mXd : 1076.6666666666665
      * mY1 : 810.0

INFO - Found 1 valid yoda files unix/cedar/junyingwu/contur_compare/grid_snapshot/7TeV/0027/runpoint_0027.yoda.gz
     Model point sampled at these parameter values:
      * gAXd : 1.0
      * gAq : 0.25
      * gVXd : 1.0
      * gVl : 0.25
      * gVq : 0.25
      * mXd : 1254.4444444444443
      * mY1 : 810.0

INFO - Found 1 valid yoda files unix/cedar/junyingwu/contur_compare/grid_snapshot/7TeV/0028/runpoint_0028.yoda.gz
     Model point sampled at these parameter values:
      * gAXd : 1.0
      * gAq : 0.25
      * gVXd : 1.0
      * gVl : 0.25
      * gVq : 0.25
      * mXd : 1432.2222222222222
      * mY1 : 810.0

INFO - Found 1 valid yoda files unix/cedar/junyingwu/contur_compare/grid_snapshot/7TeV/0029/runpoint_0029.yoda.gz
     Model point sampled at these parameter values:
      * gAXd : 1.0
      * gAq : 0.25
      * gVXd : 1.0
      * gVl : 0.25
      * gVq : 0.25
      * mXd : 1610.0
      * mY1 : 810.0

INFO - Found 1 valid yoda files unix/cedar/junyingwu/contur_compare/grid_snapshot/7TeV/0030/runpoint_0030.yoda.gz
     Model point sampled at these parameter values:
      * gAXd : 1.0
      * gAq : 0.25
      * gVXd : 1.0
      * gVl : 0.25
      * gVq : 0.25
      * mXd : 10.0
      * mY1 : 1210.0

INFO - Found 1 valid yoda files unix/cedar/junyingwu/contur_compare/grid_snapshot/7TeV/0031/runpoint_0031.yoda.gz
     Model point sampled at these parameter values:
      * gAXd : 1.0
      * gAq : 0.25
      * gVXd : 1.0
      * gVl : 0.25
      * gVq : 0.25
      * mXd : 187.77777777777777
      * mY1 : 1210.0

INFO - Found 1 valid yoda files unix/cedar/junyingwu/contur_compare/grid_snapshot/7TeV/0032/runpoint_0032.yoda.gz
     Model point sampled at these parameter values:
      * gAXd : 1.0
      * gAq : 0.25
      * gVXd : 1.0
      * gVl : 0.25
      * gVq : 0.25
      * mXd : 365.55555555555554
      * mY1 : 1210.0

INFO - Found 1 valid yoda files unix/cedar/junyingwu/contur_compare/grid_snapshot/7TeV/0033/runpoint_0033.yoda.gz
     Model point sampled at these parameter values:
      * gAXd : 1.0
      * gAq : 0.25
      * gVXd : 1.0
      * gVl : 0.25
      * gVq : 0.25
      * mXd : 543.3333333333333
      * mY1 : 1210.0

INFO - Found 1 valid yoda files unix/cedar/junyingwu/contur_compare/grid_snapshot/7TeV/0034/runpoint_0034.yoda.gz
     Model point sampled at these parameter values:
      * gAXd : 1.0
      * gAq : 0.25
      * gVXd : 1.0
      * gVl : 0.25
      * gVq : 0.25
      * mXd : 721.1111111111111
      * mY1 : 1210.0

INFO - Found 1 valid yoda files unix/cedar/junyingwu/contur_compare/grid_snapshot/7TeV/0035/runpoint_0035.yoda.gz
     Model point sampled at these parameter values:
      * gAXd : 1.0
      * gAq : 0.25
      * gVXd : 1.0
      * gVl : 0.25
      * gVq : 0.25
      * mXd : 898.8888888888889
      * mY1 : 1210.0

INFO - Found 1 valid yoda files unix/cedar/junyingwu/contur_compare/grid_snapshot/7TeV/0036/runpoint_0036.yoda.gz
     Model point sampled at these parameter values:
      * gAXd : 1.0
      * gAq : 0.25
      * gVXd : 1.0
      * gVl : 0.25
      * gVq : 0.25
      * mXd : 1076.6666666666665
      * mY1 : 1210.0

INFO - Found 1 valid yoda files unix/cedar/junyingwu/contur_compare/grid_snapshot/7TeV/0037/runpoint_0037.yoda.gz
     Model point sampled at these parameter values:
      * gAXd : 1.0
      * gAq : 0.25
      * gVXd : 1.0
      * gVl : 0.25
      * gVq : 0.25
      * mXd : 1254.4444444444443
      * mY1 : 1210.0

INFO - Found 1 valid yoda files unix/cedar/junyingwu/contur_compare/grid_snapshot/7TeV/0038/runpoint_0038.yoda.gz
     Model point sampled at these parameter values:
      * gAXd : 1.0
      * gAq : 0.25
      * gVXd : 1.0
      * gVl : 0.25
      * gVq : 0.25
      * mXd : 1432.2222222222222
      * mY1 : 1210.0

INFO - Found 1 valid yoda files unix/cedar/junyingwu/contur_compare/grid_snapshot/7TeV/0039/runpoint_0039.yoda.gz
     Model point sampled at these parameter values:
      * gAXd : 1.0
      * gAq : 0.25
      * gVXd : 1.0
      * gVl : 0.25
      * gVq : 0.25
      * mXd : 1610.0
      * mY1 : 1210.0

INFO - Found 1 valid yoda files unix/cedar/junyingwu/contur_compare/grid_snapshot/7TeV/0040/runpoint_0040.yoda.gz
     Model point sampled at these parameter values:
      * gAXd : 1.0
      * gAq : 0.25
      * gVXd : 1.0
      * gVl : 0.25
      * gVq : 0.25
      * mXd : 10.0
      * mY1 : 1610.0

INFO - Found 1 valid yoda files unix/cedar/junyingwu/contur_compare/grid_snapshot/7TeV/0041/runpoint_0041.yoda.gz
     Model point sampled at these parameter values:
      * gAXd : 1.0
      * gAq : 0.25
      * gVXd : 1.0
      * gVl : 0.25
      * gVq : 0.25
      * mXd : 187.77777777777777
      * mY1 : 1610.0

INFO - Found 1 valid yoda files unix/cedar/junyingwu/contur_compare/grid_snapshot/7TeV/0042/runpoint_0042.yoda.gz
     Model point sampled at these parameter values:
      * gAXd : 1.0
      * gAq : 0.25
      * gVXd : 1.0
      * gVl : 0.25
      * gVq : 0.25
      * mXd : 365.55555555555554
      * mY1 : 1610.0

INFO - Found 1 valid yoda files unix/cedar/junyingwu/contur_compare/grid_snapshot/7TeV/0043/runpoint_0043.yoda.gz
     Model point sampled at these parameter values:
      * gAXd : 1.0
      * gAq : 0.25
      * gVXd : 1.0
      * gVl : 0.25
      * gVq : 0.25
      * mXd : 543.3333333333333
      * mY1 : 1610.0

INFO - Found 1 valid yoda files unix/cedar/junyingwu/contur_compare/grid_snapshot/7TeV/0044/runpoint_0044.yoda.gz
     Model point sampled at these parameter values:
      * gAXd : 1.0
      * gAq : 0.25
      * gVXd : 1.0
      * gVl : 0.25
      * gVq : 0.25
      * mXd : 721.1111111111111
      * mY1 : 1610.0

INFO - Found 1 valid yoda files unix/cedar/junyingwu/contur_compare/grid_snapshot/7TeV/0045/runpoint_0045.yoda.gz
     Model point sampled at these parameter values:
      * gAXd : 1.0
      * gAq : 0.25
      * gVXd : 1.0
      * gVl : 0.25
      * gVq : 0.25
      * mXd : 898.8888888888889
      * mY1 : 1610.0

INFO - Found 1 valid yoda files unix/cedar/junyingwu/contur_compare/grid_snapshot/7TeV/0046/runpoint_0046.yoda.gz
     Model point sampled at these parameter values:
      * gAXd : 1.0
      * gAq : 0.25
      * gVXd : 1.0
      * gVl : 0.25
      * gVq : 0.25
      * mXd : 1076.6666666666665
      * mY1 : 1610.0

INFO - Found 1 valid yoda files unix/cedar/junyingwu/contur_compare/grid_snapshot/7TeV/0047/runpoint_0047.yoda.gz
     Model point sampled at these parameter values:
      * gAXd : 1.0
      * gAq : 0.25
      * gVXd : 1.0
      * gVl : 0.25
      * gVq : 0.25
      * mXd : 1254.4444444444443
      * mY1 : 1610.0

INFO - Found 1 valid yoda files unix/cedar/junyingwu/contur_compare/grid_snapshot/7TeV/0048/runpoint_0048.yoda.gz
     Model point sampled at these parameter values:
      * gAXd : 1.0
      * gAq : 0.25
      * gVXd : 1.0
      * gVl : 0.25
      * gVq : 0.25
      * mXd : 1432.2222222222222
      * mY1 : 1610.0

INFO - Found 1 valid yoda files unix/cedar/junyingwu/contur_compare/grid_snapshot/7TeV/0049/runpoint_0049.yoda.gz
     Model point sampled at these parameter values:
      * gAXd : 1.0
      * gAq : 0.25
      * gVXd : 1.0
      * gVl : 0.25
      * gVq : 0.25
      * mXd : 1610.0
      * mY1 : 1610.0

INFO - Found 1 valid yoda files unix/cedar/junyingwu/contur_compare/grid_snapshot/7TeV/0050/runpoint_0050.yoda.gz
     Model point sampled at these parameter values:
      * gAXd : 1.0
      * gAq : 0.25
      * gVXd : 1.0
      * gVl : 0.25
      * gVq : 0.25
      * mXd : 10.0
      * mY1 : 2010.0

INFO - Found 1 valid yoda files unix/cedar/junyingwu/contur_compare/grid_snapshot/7TeV/0051/runpoint_0051.yoda.gz
     Model point sampled at these parameter values:
      * gAXd : 1.0
      * gAq : 0.25
      * gVXd : 1.0
      * gVl : 0.25
      * gVq : 0.25
      * mXd : 187.77777777777777
      * mY1 : 2010.0

INFO - Found 1 valid yoda files unix/cedar/junyingwu/contur_compare/grid_snapshot/7TeV/0052/runpoint_0052.yoda.gz
     Model point sampled at these parameter values:
      * gAXd : 1.0
      * gAq : 0.25
      * gVXd : 1.0
      * gVl : 0.25
      * gVq : 0.25
      * mXd : 365.55555555555554
      * mY1 : 2010.0

INFO - Found 1 valid yoda files unix/cedar/junyingwu/contur_compare/grid_snapshot/7TeV/0053/runpoint_0053.yoda.gz
     Model point sampled at these parameter values:
      * gAXd : 1.0
      * gAq : 0.25
      * gVXd : 1.0
      * gVl : 0.25
      * gVq : 0.25
      * mXd : 543.3333333333333
      * mY1 : 2010.0

INFO - Found 1 valid yoda files unix/cedar/junyingwu/contur_compare/grid_snapshot/7TeV/0054/runpoint_0054.yoda.gz
     Model point sampled at these parameter values:
      * gAXd : 1.0
      * gAq : 0.25
      * gVXd : 1.0
      * gVl : 0.25
      * gVq : 0.25
      * mXd : 721.1111111111111
      * mY1 : 2010.0

INFO - Found 1 valid yoda files unix/cedar/junyingwu/contur_compare/grid_snapshot/7TeV/0055/runpoint_0055.yoda.gz
     Model point sampled at these parameter values:
      * gAXd : 1.0
      * gAq : 0.25
      * gVXd : 1.0
      * gVl : 0.25
      * gVq : 0.25
      * mXd : 898.8888888888889
      * mY1 : 2010.0

INFO - Found 1 valid yoda files unix/cedar/junyingwu/contur_compare/grid_snapshot/7TeV/0056/runpoint_0056.yoda.gz
     Model point sampled at these parameter values:
      * gAXd : 1.0
      * gAq : 0.25
      * gVXd : 1.0
      * gVl : 0.25
      * gVq : 0.25
      * mXd : 1076.6666666666665
      * mY1 : 2010.0

INFO - Found 1 valid yoda files unix/cedar/junyingwu/contur_compare/grid_snapshot/7TeV/0057/runpoint_0057.yoda.gz
     Model point sampled at these parameter values:
      * gAXd : 1.0
      * gAq : 0.25
      * gVXd : 1.0
      * gVl : 0.25
      * gVq : 0.25
      * mXd : 1254.4444444444443
      * mY1 : 2010.0

INFO - Found 1 valid yoda files unix/cedar/junyingwu/contur_compare/grid_snapshot/7TeV/0058/runpoint_0058.yoda.gz
     Model point sampled at these parameter values:
      * gAXd : 1.0
      * gAq : 0.25
      * gVXd : 1.0
      * gVl : 0.25
      * gVq : 0.25
      * mXd : 1432.2222222222222
      * mY1 : 2010.0

INFO - Found 1 valid yoda files unix/cedar/junyingwu/contur_compare/grid_snapshot/7TeV/0059/runpoint_0059.yoda.gz
     Model point sampled at these parameter values:
      * gAXd : 1.0
      * gAq : 0.25
      * gVXd : 1.0
      * gVl : 0.25
      * gVq : 0.25
      * mXd : 1610.0
      * mY1 : 2010.0

INFO - Found 1 valid yoda files unix/cedar/junyingwu/contur_compare/grid_snapshot/7TeV/0060/runpoint_0060.yoda.gz
     Model point sampled at these parameter values:
      * gAXd : 1.0
      * gAq : 0.25
      * gVXd : 1.0
      * gVl : 0.25
      * gVq : 0.25
      * mXd : 10.0
      * mY1 : 2410.0

INFO - Found 1 valid yoda files unix/cedar/junyingwu/contur_compare/grid_snapshot/7TeV/0061/runpoint_0061.yoda.gz
     Model point sampled at these parameter values:
      * gAXd : 1.0
      * gAq : 0.25
      * gVXd : 1.0
      * gVl : 0.25
      * gVq : 0.25
      * mXd : 187.77777777777777
      * mY1 : 2410.0

INFO - Found 1 valid yoda files unix/cedar/junyingwu/contur_compare/grid_snapshot/7TeV/0062/runpoint_0062.yoda.gz
     Model point sampled at these parameter values:
      * gAXd : 1.0
      * gAq : 0.25
      * gVXd : 1.0
      * gVl : 0.25
      * gVq : 0.25
      * mXd : 365.55555555555554
      * mY1 : 2410.0

INFO - Found 1 valid yoda files unix/cedar/junyingwu/contur_compare/grid_snapshot/7TeV/0063/runpoint_0063.yoda.gz
     Model point sampled at these parameter values:
      * gAXd : 1.0
      * gAq : 0.25
      * gVXd : 1.0
      * gVl : 0.25
      * gVq : 0.25
      * mXd : 543.3333333333333
      * mY1 : 2410.0

INFO - Found 1 valid yoda files unix/cedar/junyingwu/contur_compare/grid_snapshot/7TeV/0064/runpoint_0064.yoda.gz
     Model point sampled at these parameter values:
      * gAXd : 1.0
      * gAq : 0.25
      * gVXd : 1.0
      * gVl : 0.25
      * gVq : 0.25
      * mXd : 721.1111111111111
      * mY1 : 2410.0

INFO - Found 1 valid yoda files unix/cedar/junyingwu/contur_compare/grid_snapshot/7TeV/0065/runpoint_0065.yoda.gz
     Model point sampled at these parameter values:
      * gAXd : 1.0
      * gAq : 0.25
      * gVXd : 1.0
      * gVl : 0.25
      * gVq : 0.25
      * mXd : 898.8888888888889
      * mY1 : 2410.0

INFO - Found 1 valid yoda files unix/cedar/junyingwu/contur_compare/grid_snapshot/7TeV/0066/runpoint_0066.yoda.gz
     Model point sampled at these parameter values:
      * gAXd : 1.0
      * gAq : 0.25
      * gVXd : 1.0
      * gVl : 0.25
      * gVq : 0.25
      * mXd : 1076.6666666666665
      * mY1 : 2410.0

INFO - Found 1 valid yoda files unix/cedar/junyingwu/contur_compare/grid_snapshot/7TeV/0067/runpoint_0067.yoda.gz
     Model point sampled at these parameter values:
      * gAXd : 1.0
      * gAq : 0.25
      * gVXd : 1.0
      * gVl : 0.25
      * gVq : 0.25
      * mXd : 1254.4444444444443
      * mY1 : 2410.0

INFO - Found 1 valid yoda files unix/cedar/junyingwu/contur_compare/grid_snapshot/7TeV/0068/runpoint_0068.yoda.gz
     Model point sampled at these parameter values:
      * gAXd : 1.0
      * gAq : 0.25
      * gVXd : 1.0
      * gVl : 0.25
      * gVq : 0.25
      * mXd : 1432.2222222222222
      * mY1 : 2410.0

INFO - Found 1 valid yoda files unix/cedar/junyingwu/contur_compare/grid_snapshot/7TeV/0069/runpoint_0069.yoda.gz
     Model point sampled at these parameter values:
      * gAXd : 1.0
      * gAq : 0.25
      * gVXd : 1.0
      * gVl : 0.25
      * gVq : 0.25
      * mXd : 1610.0
      * mY1 : 2410.0

INFO - Found 1 valid yoda files unix/cedar/junyingwu/contur_compare/grid_snapshot/7TeV/0070/runpoint_0070.yoda.gz
     Model point sampled at these parameter values:
      * gAXd : 1.0
      * gAq : 0.25
      * gVXd : 1.0
      * gVl : 0.25
      * gVq : 0.25
      * mXd : 10.0
      * mY1 : 2810.0

INFO - Found 1 valid yoda files unix/cedar/junyingwu/contur_compare/grid_snapshot/7TeV/0071/runpoint_0071.yoda.gz
     Model point sampled at these parameter values:
      * gAXd : 1.0
      * gAq : 0.25
      * gVXd : 1.0
      * gVl : 0.25
      * gVq : 0.25
      * mXd : 187.77777777777777
      * mY1 : 2810.0

INFO - Found 1 valid yoda files unix/cedar/junyingwu/contur_compare/grid_snapshot/7TeV/0072/runpoint_0072.yoda.gz
     Model point sampled at these parameter values:
      * gAXd : 1.0
      * gAq : 0.25
      * gVXd : 1.0
      * gVl : 0.25
      * gVq : 0.25
      * mXd : 365.55555555555554
      * mY1 : 2810.0

INFO - Found 1 valid yoda files unix/cedar/junyingwu/contur_compare/grid_snapshot/7TeV/0073/runpoint_0073.yoda.gz
     Model point sampled at these parameter values:
      * gAXd : 1.0
      * gAq : 0.25
      * gVXd : 1.0
      * gVl : 0.25
      * gVq : 0.25
      * mXd : 543.3333333333333
      * mY1 : 2810.0

INFO - Found 1 valid yoda files unix/cedar/junyingwu/contur_compare/grid_snapshot/7TeV/0074/runpoint_0074.yoda.gz
     Model point sampled at these parameter values:
      * gAXd : 1.0
      * gAq : 0.25
      * gVXd : 1.0
      * gVl : 0.25
      * gVq : 0.25
      * mXd : 721.1111111111111
      * mY1 : 2810.0

INFO - Found 1 valid yoda files unix/cedar/junyingwu/contur_compare/grid_snapshot/7TeV/0075/runpoint_0075.yoda.gz
     Model point sampled at these parameter values:
      * gAXd : 1.0
      * gAq : 0.25
      * gVXd : 1.0
      * gVl : 0.25
      * gVq : 0.25
      * mXd : 898.8888888888889
      * mY1 : 2810.0

INFO - Found 1 valid yoda files unix/cedar/junyingwu/contur_compare/grid_snapshot/7TeV/0076/runpoint_0076.yoda.gz
     Model point sampled at these parameter values:
      * gAXd : 1.0
      * gAq : 0.25
      * gVXd : 1.0
      * gVl : 0.25
      * gVq : 0.25
      * mXd : 1076.6666666666665
      * mY1 : 2810.0

INFO - Found 1 valid yoda files unix/cedar/junyingwu/contur_compare/grid_snapshot/7TeV/0077/runpoint_0077.yoda.gz
     Model point sampled at these parameter values:
      * gAXd : 1.0
      * gAq : 0.25
      * gVXd : 1.0
      * gVl : 0.25
      * gVq : 0.25
      * mXd : 1254.4444444444443
      * mY1 : 2810.0

INFO - Found 1 valid yoda files unix/cedar/junyingwu/contur_compare/grid_snapshot/7TeV/0078/runpoint_0078.yoda.gz
     Model point sampled at these parameter values:
      * gAXd : 1.0
      * gAq : 0.25
      * gVXd : 1.0
      * gVl : 0.25
      * gVq : 0.25
      * mXd : 1432.2222222222222
      * mY1 : 2810.0

INFO - Found 1 valid yoda files unix/cedar/junyingwu/contur_compare/grid_snapshot/7TeV/0079/runpoint_0079.yoda.gz
     Model point sampled at these parameter values:
      * gAXd : 1.0
      * gAq : 0.25
      * gVXd : 1.0
      * gVl : 0.25
      * gVq : 0.25
      * mXd : 1610.0
      * mY1 : 2810.0

INFO - Found 1 valid yoda files unix/cedar/junyingwu/contur_compare/grid_snapshot/7TeV/0080/runpoint_0080.yoda.gz
     Model point sampled at these parameter values:
      * gAXd : 1.0
      * gAq : 0.25
      * gVXd : 1.0
      * gVl : 0.25
      * gVq : 0.25
      * mXd : 10.0
      * mY1 : 3210.0

INFO - Found 1 valid yoda files unix/cedar/junyingwu/contur_compare/grid_snapshot/7TeV/0081/runpoint_0081.yoda.gz
     Model point sampled at these parameter values:
      * gAXd : 1.0
      * gAq : 0.25
      * gVXd : 1.0
      * gVl : 0.25
      * gVq : 0.25
      * mXd : 187.77777777777777
      * mY1 : 3210.0

INFO - Found 1 valid yoda files unix/cedar/junyingwu/contur_compare/grid_snapshot/7TeV/0082/runpoint_0082.yoda.gz
     Model point sampled at these parameter values:
      * gAXd : 1.0
      * gAq : 0.25
      * gVXd : 1.0
      * gVl : 0.25
      * gVq : 0.25
      * mXd : 365.55555555555554
      * mY1 : 3210.0

INFO - Found 1 valid yoda files unix/cedar/junyingwu/contur_compare/grid_snapshot/7TeV/0083/runpoint_0083.yoda.gz
     Model point sampled at these parameter values:
      * gAXd : 1.0
      * gAq : 0.25
      * gVXd : 1.0
      * gVl : 0.25
      * gVq : 0.25
      * mXd : 543.3333333333333
      * mY1 : 3210.0

INFO - Found 1 valid yoda files unix/cedar/junyingwu/contur_compare/grid_snapshot/7TeV/0084/runpoint_0084.yoda.gz
     Model point sampled at these parameter values:
      * gAXd : 1.0
      * gAq : 0.25
      * gVXd : 1.0
      * gVl : 0.25
      * gVq : 0.25
      * mXd : 721.1111111111111
      * mY1 : 3210.0

INFO - Found 1 valid yoda files unix/cedar/junyingwu/contur_compare/grid_snapshot/7TeV/0085/runpoint_0085.yoda.gz
     Model point sampled at these parameter values:
      * gAXd : 1.0
      * gAq : 0.25
      * gVXd : 1.0
      * gVl : 0.25
      * gVq : 0.25
      * mXd : 898.8888888888889
      * mY1 : 3210.0

INFO - Found 1 valid yoda files unix/cedar/junyingwu/contur_compare/grid_snapshot/7TeV/0086/runpoint_0086.yoda.gz
     Model point sampled at these parameter values:
      * gAXd : 1.0
      * gAq : 0.25
      * gVXd : 1.0
      * gVl : 0.25
      * gVq : 0.25
      * mXd : 1076.6666666666665
      * mY1 : 3210.0

INFO - Found 1 valid yoda files unix/cedar/junyingwu/contur_compare/grid_snapshot/7TeV/0087/runpoint_0087.yoda.gz
     Model point sampled at these parameter values:
      * gAXd : 1.0
      * gAq : 0.25
      * gVXd : 1.0
      * gVl : 0.25
      * gVq : 0.25
      * mXd : 1254.4444444444443
      * mY1 : 3210.0

INFO - Found 1 valid yoda files unix/cedar/junyingwu/contur_compare/grid_snapshot/7TeV/0088/runpoint_0088.yoda.gz
     Model point sampled at these parameter values:
      * gAXd : 1.0
      * gAq : 0.25
      * gVXd : 1.0
      * gVl : 0.25
      * gVq : 0.25
      * mXd : 1432.2222222222222
      * mY1 : 3210.0

INFO - Found 1 valid yoda files unix/cedar/junyingwu/contur_compare/grid_snapshot/7TeV/0089/runpoint_0089.yoda.gz
     Model point sampled at these parameter values:
      * gAXd : 1.0
      * gAq : 0.25
      * gVXd : 1.0
      * gVl : 0.25
      * gVq : 0.25
      * mXd : 1610.0
      * mY1 : 3210.0

INFO - Found 1 valid yoda files unix/cedar/junyingwu/contur_compare/grid_snapshot/7TeV/0090/runpoint_0090.yoda.gz
     Model point sampled at these parameter values:
      * gAXd : 1.0
      * gAq : 0.25
      * gVXd : 1.0
      * gVl : 0.25
      * gVq : 0.25
      * mXd : 10.0
      * mY1 : 3610.0

INFO - Found 1 valid yoda files unix/cedar/junyingwu/contur_compare/grid_snapshot/7TeV/0091/runpoint_0091.yoda.gz
     Model point sampled at these parameter values:
      * gAXd : 1.0
      * gAq : 0.25
      * gVXd : 1.0
      * gVl : 0.25
      * gVq : 0.25
      * mXd : 187.77777777777777
      * mY1 : 3610.0

INFO - Found 1 valid yoda files unix/cedar/junyingwu/contur_compare/grid_snapshot/7TeV/0092/runpoint_0092.yoda.gz
     Model point sampled at these parameter values:
      * gAXd : 1.0
      * gAq : 0.25
      * gVXd : 1.0
      * gVl : 0.25
      * gVq : 0.25
      * mXd : 365.55555555555554
      * mY1 : 3610.0

INFO - Found 1 valid yoda files unix/cedar/junyingwu/contur_compare/grid_snapshot/7TeV/0093/runpoint_0093.yoda.gz
     Model point sampled at these parameter values:
      * gAXd : 1.0
      * gAq : 0.25
      * gVXd : 1.0
      * gVl : 0.25
      * gVq : 0.25
      * mXd : 543.3333333333333
      * mY1 : 3610.0

INFO - Found 1 valid yoda files unix/cedar/junyingwu/contur_compare/grid_snapshot/7TeV/0094/runpoint_0094.yoda.gz
     Model point sampled at these parameter values:
      * gAXd : 1.0
      * gAq : 0.25
      * gVXd : 1.0
      * gVl : 0.25
      * gVq : 0.25
      * mXd : 721.1111111111111
      * mY1 : 3610.0

INFO - Found 1 valid yoda files unix/cedar/junyingwu/contur_compare/grid_snapshot/7TeV/0095/runpoint_0095.yoda.gz
     Model point sampled at these parameter values:
      * gAXd : 1.0
      * gAq : 0.25
      * gVXd : 1.0
      * gVl : 0.25
      * gVq : 0.25
      * mXd : 898.8888888888889
      * mY1 : 3610.0

INFO - Found 1 valid yoda files unix/cedar/junyingwu/contur_compare/grid_snapshot/7TeV/0096/runpoint_0096.yoda.gz
     Model point sampled at these parameter values:
      * gAXd : 1.0
      * gAq : 0.25
      * gVXd : 1.0
      * gVl : 0.25
      * gVq : 0.25
      * mXd : 1076.6666666666665
      * mY1 : 3610.0

INFO - Found 1 valid yoda files unix/cedar/junyingwu/contur_compare/grid_snapshot/7TeV/0097/runpoint_0097.yoda.gz
     Model point sampled at these parameter values:
      * gAXd : 1.0
      * gAq : 0.25
      * gVXd : 1.0
      * gVl : 0.25
      * gVq : 0.25
      * mXd : 1254.4444444444443
      * mY1 : 3610.0

INFO - Found 1 valid yoda files unix/cedar/junyingwu/contur_compare/grid_snapshot/7TeV/0098/runpoint_0098.yoda.gz
     Model point sampled at these parameter values:
      * gAXd : 1.0
      * gAq : 0.25
      * gVXd : 1.0
      * gVl : 0.25
      * gVq : 0.25
      * mXd : 1432.2222222222222
      * mY1 : 3610.0

INFO - Found 1 valid yoda files unix/cedar/junyingwu/contur_compare/grid_snapshot/7TeV/0099/runpoint_0099.yoda.gz
     Model point sampled at these parameter values:
      * gAXd : 1.0
      * gAq : 0.25
      * gVXd : 1.0
      * gVl : 0.25
      * gVq : 0.25
      * mXd : 1610.0
      * mY1 : 3610.0

INFO - Found 1 valid yoda files unix/cedar/junyingwu/contur_compare/grid_snapshot/8TeV/0000/runpoint_0000.yoda.gz
     Model point sampled at these parameter values:
      * gAXd : 1.0
      * gAq : 0.25
      * gVXd : 1.0
      * gVl : 0.25
      * gVq : 0.25
      * mXd : 10.0
      * mY1 : 10.0

INFO - Found 1 valid yoda files unix/cedar/junyingwu/contur_compare/grid_snapshot/8TeV/0001/runpoint_0001.yoda.gz
     Model point sampled at these parameter values:
      * gAXd : 1.0
      * gAq : 0.25
      * gVXd : 1.0
      * gVl : 0.25
      * gVq : 0.25
      * mXd : 187.77777777777777
      * mY1 : 10.0

INFO - Found 1 valid yoda files unix/cedar/junyingwu/contur_compare/grid_snapshot/8TeV/0002/runpoint_0002.yoda.gz
     Model point sampled at these parameter values:
      * gAXd : 1.0
      * gAq : 0.25
      * gVXd : 1.0
      * gVl : 0.25
      * gVq : 0.25
      * mXd : 365.55555555555554
      * mY1 : 10.0

INFO - Found 1 valid yoda files unix/cedar/junyingwu/contur_compare/grid_snapshot/8TeV/0003/runpoint_0003.yoda.gz
     Model point sampled at these parameter values:
      * gAXd : 1.0
      * gAq : 0.25
      * gVXd : 1.0
      * gVl : 0.25
      * gVq : 0.25
      * mXd : 543.3333333333333
      * mY1 : 10.0

INFO - Found 1 valid yoda files unix/cedar/junyingwu/contur_compare/grid_snapshot/8TeV/0004/runpoint_0004.yoda.gz
     Model point sampled at these parameter values:
      * gAXd : 1.0
      * gAq : 0.25
      * gVXd : 1.0
      * gVl : 0.25
      * gVq : 0.25
      * mXd : 721.1111111111111
      * mY1 : 10.0

INFO - Found 1 valid yoda files unix/cedar/junyingwu/contur_compare/grid_snapshot/8TeV/0005/runpoint_0005.yoda.gz
     Model point sampled at these parameter values:
      * gAXd : 1.0
      * gAq : 0.25
      * gVXd : 1.0
      * gVl : 0.25
      * gVq : 0.25
      * mXd : 898.8888888888889
      * mY1 : 10.0

INFO - Found 1 valid yoda files unix/cedar/junyingwu/contur_compare/grid_snapshot/8TeV/0006/runpoint_0006.yoda.gz
     Model point sampled at these parameter values:
      * gAXd : 1.0
      * gAq : 0.25
      * gVXd : 1.0
      * gVl : 0.25
      * gVq : 0.25
      * mXd : 1076.6666666666665
      * mY1 : 10.0

INFO - Found 1 valid yoda files unix/cedar/junyingwu/contur_compare/grid_snapshot/8TeV/0007/runpoint_0007.yoda.gz
     Model point sampled at these parameter values:
      * gAXd : 1.0
      * gAq : 0.25
      * gVXd : 1.0
      * gVl : 0.25
      * gVq : 0.25
      * mXd : 1254.4444444444443
      * mY1 : 10.0

INFO - Found 1 valid yoda files unix/cedar/junyingwu/contur_compare/grid_snapshot/8TeV/0008/runpoint_0008.yoda.gz
     Model point sampled at these parameter values:
      * gAXd : 1.0
      * gAq : 0.25
      * gVXd : 1.0
      * gVl : 0.25
      * gVq : 0.25
      * mXd : 1432.2222222222222
      * mY1 : 10.0

INFO - Found 1 valid yoda files unix/cedar/junyingwu/contur_compare/grid_snapshot/8TeV/0009/runpoint_0009.yoda.gz
     Model point sampled at these parameter values:
      * gAXd : 1.0
      * gAq : 0.25
      * gVXd : 1.0
      * gVl : 0.25
      * gVq : 0.25
      * mXd : 1610.0
      * mY1 : 10.0

INFO - Found 1 valid yoda files unix/cedar/junyingwu/contur_compare/grid_snapshot/8TeV/0010/runpoint_0010.yoda.gz
     Model point sampled at these parameter values:
      * gAXd : 1.0
      * gAq : 0.25
      * gVXd : 1.0
      * gVl : 0.25
      * gVq : 0.25
      * mXd : 10.0
      * mY1 : 410.0

INFO - Found 1 valid yoda files unix/cedar/junyingwu/contur_compare/grid_snapshot/8TeV/0011/runpoint_0011.yoda.gz
     Model point sampled at these parameter values:
      * gAXd : 1.0
      * gAq : 0.25
      * gVXd : 1.0
      * gVl : 0.25
      * gVq : 0.25
      * mXd : 187.77777777777777
      * mY1 : 410.0

INFO - Found 1 valid yoda files unix/cedar/junyingwu/contur_compare/grid_snapshot/8TeV/0012/runpoint_0012.yoda.gz
     Model point sampled at these parameter values:
      * gAXd : 1.0
      * gAq : 0.25
      * gVXd : 1.0
      * gVl : 0.25
      * gVq : 0.25
      * mXd : 365.55555555555554
      * mY1 : 410.0

INFO - Found 1 valid yoda files unix/cedar/junyingwu/contur_compare/grid_snapshot/8TeV/0013/runpoint_0013.yoda.gz
     Model point sampled at these parameter values:
      * gAXd : 1.0
      * gAq : 0.25
      * gVXd : 1.0
      * gVl : 0.25
      * gVq : 0.25
      * mXd : 543.3333333333333
      * mY1 : 410.0

INFO - Found 1 valid yoda files unix/cedar/junyingwu/contur_compare/grid_snapshot/8TeV/0014/runpoint_0014.yoda.gz
     Model point sampled at these parameter values:
      * gAXd : 1.0
      * gAq : 0.25
      * gVXd : 1.0
      * gVl : 0.25
      * gVq : 0.25
      * mXd : 721.1111111111111
      * mY1 : 410.0

INFO - Found 1 valid yoda files unix/cedar/junyingwu/contur_compare/grid_snapshot/8TeV/0015/runpoint_0015.yoda.gz
     Model point sampled at these parameter values:
      * gAXd : 1.0
      * gAq : 0.25
      * gVXd : 1.0
      * gVl : 0.25
      * gVq : 0.25
      * mXd : 898.8888888888889
      * mY1 : 410.0

INFO - Found 1 valid yoda files unix/cedar/junyingwu/contur_compare/grid_snapshot/8TeV/0016/runpoint_0016.yoda.gz
     Model point sampled at these parameter values:
      * gAXd : 1.0
      * gAq : 0.25
      * gVXd : 1.0
      * gVl : 0.25
      * gVq : 0.25
      * mXd : 1076.6666666666665
      * mY1 : 410.0

INFO - Found 1 valid yoda files unix/cedar/junyingwu/contur_compare/grid_snapshot/8TeV/0017/runpoint_0017.yoda.gz
     Model point sampled at these parameter values:
      * gAXd : 1.0
      * gAq : 0.25
      * gVXd : 1.0
      * gVl : 0.25
      * gVq : 0.25
      * mXd : 1254.4444444444443
      * mY1 : 410.0

INFO - Found 1 valid yoda files unix/cedar/junyingwu/contur_compare/grid_snapshot/8TeV/0018/runpoint_0018.yoda.gz
     Model point sampled at these parameter values:
      * gAXd : 1.0
      * gAq : 0.25
      * gVXd : 1.0
      * gVl : 0.25
      * gVq : 0.25
      * mXd : 1432.2222222222222
      * mY1 : 410.0

INFO - Found 1 valid yoda files unix/cedar/junyingwu/contur_compare/grid_snapshot/8TeV/0019/runpoint_0019.yoda.gz
     Model point sampled at these parameter values:
      * gAXd : 1.0
      * gAq : 0.25
      * gVXd : 1.0
      * gVl : 0.25
      * gVq : 0.25
      * mXd : 1610.0
      * mY1 : 410.0

INFO - Found 1 valid yoda files unix/cedar/junyingwu/contur_compare/grid_snapshot/8TeV/0020/runpoint_0020.yoda.gz
     Model point sampled at these parameter values:
      * gAXd : 1.0
      * gAq : 0.25
      * gVXd : 1.0
      * gVl : 0.25
      * gVq : 0.25
      * mXd : 10.0
      * mY1 : 810.0

INFO - Found 1 valid yoda files unix/cedar/junyingwu/contur_compare/grid_snapshot/8TeV/0021/runpoint_0021.yoda.gz
     Model point sampled at these parameter values:
      * gAXd : 1.0
      * gAq : 0.25
      * gVXd : 1.0
      * gVl : 0.25
      * gVq : 0.25
      * mXd : 187.77777777777777
      * mY1 : 810.0

INFO - Found 1 valid yoda files unix/cedar/junyingwu/contur_compare/grid_snapshot/8TeV/0022/runpoint_0022.yoda.gz
     Model point sampled at these parameter values:
      * gAXd : 1.0
      * gAq : 0.25
      * gVXd : 1.0
      * gVl : 0.25
      * gVq : 0.25
      * mXd : 365.55555555555554
      * mY1 : 810.0

INFO - Found 1 valid yoda files unix/cedar/junyingwu/contur_compare/grid_snapshot/8TeV/0023/runpoint_0023.yoda.gz
     Model point sampled at these parameter values:
      * gAXd : 1.0
      * gAq : 0.25
      * gVXd : 1.0
      * gVl : 0.25
      * gVq : 0.25
      * mXd : 543.3333333333333
      * mY1 : 810.0

INFO - Found 1 valid yoda files unix/cedar/junyingwu/contur_compare/grid_snapshot/8TeV/0024/runpoint_0024.yoda.gz
     Model point sampled at these parameter values:
      * gAXd : 1.0
      * gAq : 0.25
      * gVXd : 1.0
      * gVl : 0.25
      * gVq : 0.25
      * mXd : 721.1111111111111
      * mY1 : 810.0

INFO - Found 1 valid yoda files unix/cedar/junyingwu/contur_compare/grid_snapshot/8TeV/0025/runpoint_0025.yoda.gz
     Model point sampled at these parameter values:
      * gAXd : 1.0
      * gAq : 0.25
      * gVXd : 1.0
      * gVl : 0.25
      * gVq : 0.25
      * mXd : 898.8888888888889
      * mY1 : 810.0

INFO - Found 1 valid yoda files unix/cedar/junyingwu/contur_compare/grid_snapshot/8TeV/0026/runpoint_0026.yoda.gz
     Model point sampled at these parameter values:
      * gAXd : 1.0
      * gAq : 0.25
      * gVXd : 1.0
      * gVl : 0.25
      * gVq : 0.25
      * mXd : 1076.6666666666665
      * mY1 : 810.0

INFO - Found 1 valid yoda files unix/cedar/junyingwu/contur_compare/grid_snapshot/8TeV/0027/runpoint_0027.yoda.gz
     Model point sampled at these parameter values:
      * gAXd : 1.0
      * gAq : 0.25
      * gVXd : 1.0
      * gVl : 0.25
      * gVq : 0.25
      * mXd : 1254.4444444444443
      * mY1 : 810.0

INFO - Found 1 valid yoda files unix/cedar/junyingwu/contur_compare/grid_snapshot/8TeV/0028/runpoint_0028.yoda.gz
     Model point sampled at these parameter values:
      * gAXd : 1.0
      * gAq : 0.25
      * gVXd : 1.0
      * gVl : 0.25
      * gVq : 0.25
      * mXd : 1432.2222222222222
      * mY1 : 810.0

INFO - Found 1 valid yoda files unix/cedar/junyingwu/contur_compare/grid_snapshot/8TeV/0029/runpoint_0029.yoda.gz
     Model point sampled at these parameter values:
      * gAXd : 1.0
      * gAq : 0.25
      * gVXd : 1.0
      * gVl : 0.25
      * gVq : 0.25
      * mXd : 1610.0
      * mY1 : 810.0

INFO - Found 1 valid yoda files unix/cedar/junyingwu/contur_compare/grid_snapshot/8TeV/0030/runpoint_0030.yoda.gz
     Model point sampled at these parameter values:
      * gAXd : 1.0
      * gAq : 0.25
      * gVXd : 1.0
      * gVl : 0.25
      * gVq : 0.25
      * mXd : 10.0
      * mY1 : 1210.0

INFO - Found 1 valid yoda files unix/cedar/junyingwu/contur_compare/grid_snapshot/8TeV/0031/runpoint_0031.yoda.gz
     Model point sampled at these parameter values:
      * gAXd : 1.0
      * gAq : 0.25
      * gVXd : 1.0
      * gVl : 0.25
      * gVq : 0.25
      * mXd : 187.77777777777777
      * mY1 : 1210.0

INFO - Found 1 valid yoda files unix/cedar/junyingwu/contur_compare/grid_snapshot/8TeV/0032/runpoint_0032.yoda.gz
     Model point sampled at these parameter values:
      * gAXd : 1.0
      * gAq : 0.25
      * gVXd : 1.0
      * gVl : 0.25
      * gVq : 0.25
      * mXd : 365.55555555555554
      * mY1 : 1210.0

INFO - Found 1 valid yoda files unix/cedar/junyingwu/contur_compare/grid_snapshot/8TeV/0033/runpoint_0033.yoda.gz
     Model point sampled at these parameter values:
      * gAXd : 1.0
      * gAq : 0.25
      * gVXd : 1.0
      * gVl : 0.25
      * gVq : 0.25
      * mXd : 543.3333333333333
      * mY1 : 1210.0

INFO - Found 1 valid yoda files unix/cedar/junyingwu/contur_compare/grid_snapshot/8TeV/0034/runpoint_0034.yoda.gz
     Model point sampled at these parameter values:
      * gAXd : 1.0
      * gAq : 0.25
      * gVXd : 1.0
      * gVl : 0.25
      * gVq : 0.25
      * mXd : 721.1111111111111
      * mY1 : 1210.0

INFO - Found 1 valid yoda files unix/cedar/junyingwu/contur_compare/grid_snapshot/8TeV/0035/runpoint_0035.yoda.gz
     Model point sampled at these parameter values:
      * gAXd : 1.0
      * gAq : 0.25
      * gVXd : 1.0
      * gVl : 0.25
      * gVq : 0.25
      * mXd : 898.8888888888889
      * mY1 : 1210.0

INFO - Found 1 valid yoda files unix/cedar/junyingwu/contur_compare/grid_snapshot/8TeV/0036/runpoint_0036.yoda.gz
     Model point sampled at these parameter values:
      * gAXd : 1.0
      * gAq : 0.25
      * gVXd : 1.0
      * gVl : 0.25
      * gVq : 0.25
      * mXd : 1076.6666666666665
      * mY1 : 1210.0

INFO - Found 1 valid yoda files unix/cedar/junyingwu/contur_compare/grid_snapshot/8TeV/0037/runpoint_0037.yoda.gz
     Model point sampled at these parameter values:
      * gAXd : 1.0
      * gAq : 0.25
      * gVXd : 1.0
      * gVl : 0.25
      * gVq : 0.25
      * mXd : 1254.4444444444443
      * mY1 : 1210.0

INFO - Found 1 valid yoda files unix/cedar/junyingwu/contur_compare/grid_snapshot/8TeV/0038/runpoint_0038.yoda.gz
     Model point sampled at these parameter values:
      * gAXd : 1.0
      * gAq : 0.25
      * gVXd : 1.0
      * gVl : 0.25
      * gVq : 0.25
      * mXd : 1432.2222222222222
      * mY1 : 1210.0

INFO - Found 1 valid yoda files unix/cedar/junyingwu/contur_compare/grid_snapshot/8TeV/0039/runpoint_0039.yoda.gz
     Model point sampled at these parameter values:
      * gAXd : 1.0
      * gAq : 0.25
      * gVXd : 1.0
      * gVl : 0.25
      * gVq : 0.25
      * mXd : 1610.0
      * mY1 : 1210.0

INFO - Found 1 valid yoda files unix/cedar/junyingwu/contur_compare/grid_snapshot/8TeV/0040/runpoint_0040.yoda.gz
     Model point sampled at these parameter values:
      * gAXd : 1.0
      * gAq : 0.25
      * gVXd : 1.0
      * gVl : 0.25
      * gVq : 0.25
      * mXd : 10.0
      * mY1 : 1610.0

INFO - Found 1 valid yoda files unix/cedar/junyingwu/contur_compare/grid_snapshot/8TeV/0041/runpoint_0041.yoda.gz
     Model point sampled at these parameter values:
      * gAXd : 1.0
      * gAq : 0.25
      * gVXd : 1.0
      * gVl : 0.25
      * gVq : 0.25
      * mXd : 187.77777777777777
      * mY1 : 1610.0

INFO - Found 1 valid yoda files unix/cedar/junyingwu/contur_compare/grid_snapshot/8TeV/0042/runpoint_0042.yoda.gz
     Model point sampled at these parameter values:
      * gAXd : 1.0
      * gAq : 0.25
      * gVXd : 1.0
      * gVl : 0.25
      * gVq : 0.25
      * mXd : 365.55555555555554
      * mY1 : 1610.0

INFO - Found 1 valid yoda files unix/cedar/junyingwu/contur_compare/grid_snapshot/8TeV/0043/runpoint_0043.yoda.gz
     Model point sampled at these parameter values:
      * gAXd : 1.0
      * gAq : 0.25
      * gVXd : 1.0
      * gVl : 0.25
      * gVq : 0.25
      * mXd : 543.3333333333333
      * mY1 : 1610.0

INFO - Found 1 valid yoda files unix/cedar/junyingwu/contur_compare/grid_snapshot/8TeV/0044/runpoint_0044.yoda.gz
     Model point sampled at these parameter values:
      * gAXd : 1.0
      * gAq : 0.25
      * gVXd : 1.0
      * gVl : 0.25
      * gVq : 0.25
      * mXd : 721.1111111111111
      * mY1 : 1610.0

INFO - Found 1 valid yoda files unix/cedar/junyingwu/contur_compare/grid_snapshot/8TeV/0045/runpoint_0045.yoda.gz
     Model point sampled at these parameter values:
      * gAXd : 1.0
      * gAq : 0.25
      * gVXd : 1.0
      * gVl : 0.25
      * gVq : 0.25
      * mXd : 898.8888888888889
      * mY1 : 1610.0

INFO - Found 1 valid yoda files unix/cedar/junyingwu/contur_compare/grid_snapshot/8TeV/0046/runpoint_0046.yoda.gz
     Model point sampled at these parameter values:
      * gAXd : 1.0
      * gAq : 0.25
      * gVXd : 1.0
      * gVl : 0.25
      * gVq : 0.25
      * mXd : 1076.6666666666665
      * mY1 : 1610.0

INFO - Found 1 valid yoda files unix/cedar/junyingwu/contur_compare/grid_snapshot/8TeV/0047/runpoint_0047.yoda.gz
     Model point sampled at these parameter values:
      * gAXd : 1.0
      * gAq : 0.25
      * gVXd : 1.0
      * gVl : 0.25
      * gVq : 0.25
      * mXd : 1254.4444444444443
      * mY1 : 1610.0

INFO - Found 1 valid yoda files unix/cedar/junyingwu/contur_compare/grid_snapshot/8TeV/0048/runpoint_0048.yoda.gz
     Model point sampled at these parameter values:
      * gAXd : 1.0
      * gAq : 0.25
      * gVXd : 1.0
      * gVl : 0.25
      * gVq : 0.25
      * mXd : 1432.2222222222222
      * mY1 : 1610.0

INFO - Found 1 valid yoda files unix/cedar/junyingwu/contur_compare/grid_snapshot/8TeV/0049/runpoint_0049.yoda.gz
     Model point sampled at these parameter values:
      * gAXd : 1.0
      * gAq : 0.25
      * gVXd : 1.0
      * gVl : 0.25
      * gVq : 0.25
      * mXd : 1610.0
      * mY1 : 1610.0

INFO - Found 1 valid yoda files unix/cedar/junyingwu/contur_compare/grid_snapshot/8TeV/0050/runpoint_0050.yoda.gz
     Model point sampled at these parameter values:
      * gAXd : 1.0
      * gAq : 0.25
      * gVXd : 1.0
      * gVl : 0.25
      * gVq : 0.25
      * mXd : 10.0
      * mY1 : 2010.0

INFO - Found 1 valid yoda files unix/cedar/junyingwu/contur_compare/grid_snapshot/8TeV/0051/runpoint_0051.yoda.gz
     Model point sampled at these parameter values:
      * gAXd : 1.0
      * gAq : 0.25
      * gVXd : 1.0
      * gVl : 0.25
      * gVq : 0.25
      * mXd : 187.77777777777777
      * mY1 : 2010.0

INFO - Found 1 valid yoda files unix/cedar/junyingwu/contur_compare/grid_snapshot/8TeV/0052/runpoint_0052.yoda.gz
     Model point sampled at these parameter values:
      * gAXd : 1.0
      * gAq : 0.25
      * gVXd : 1.0
      * gVl : 0.25
      * gVq : 0.25
      * mXd : 365.55555555555554
      * mY1 : 2010.0

INFO - Found 1 valid yoda files unix/cedar/junyingwu/contur_compare/grid_snapshot/8TeV/0053/runpoint_0053.yoda.gz
     Model point sampled at these parameter values:
      * gAXd : 1.0
      * gAq : 0.25
      * gVXd : 1.0
      * gVl : 0.25
      * gVq : 0.25
      * mXd : 543.3333333333333
      * mY1 : 2010.0

INFO - Found 1 valid yoda files unix/cedar/junyingwu/contur_compare/grid_snapshot/8TeV/0054/runpoint_0054.yoda.gz
     Model point sampled at these parameter values:
      * gAXd : 1.0
      * gAq : 0.25
      * gVXd : 1.0
      * gVl : 0.25
      * gVq : 0.25
      * mXd : 721.1111111111111
      * mY1 : 2010.0

INFO - Found 1 valid yoda files unix/cedar/junyingwu/contur_compare/grid_snapshot/8TeV/0055/runpoint_0055.yoda.gz
     Model point sampled at these parameter values:
      * gAXd : 1.0
      * gAq : 0.25
      * gVXd : 1.0
      * gVl : 0.25
      * gVq : 0.25
      * mXd : 898.8888888888889
      * mY1 : 2010.0

INFO - Found 1 valid yoda files unix/cedar/junyingwu/contur_compare/grid_snapshot/8TeV/0056/runpoint_0056.yoda.gz
     Model point sampled at these parameter values:
      * gAXd : 1.0
      * gAq : 0.25
      * gVXd : 1.0
      * gVl : 0.25
      * gVq : 0.25
      * mXd : 1076.6666666666665
      * mY1 : 2010.0

INFO - Found 1 valid yoda files unix/cedar/junyingwu/contur_compare/grid_snapshot/8TeV/0057/runpoint_0057.yoda.gz
     Model point sampled at these parameter values:
      * gAXd : 1.0
      * gAq : 0.25
      * gVXd : 1.0
      * gVl : 0.25
      * gVq : 0.25
      * mXd : 1254.4444444444443
      * mY1 : 2010.0

INFO - Found 1 valid yoda files unix/cedar/junyingwu/contur_compare/grid_snapshot/8TeV/0058/runpoint_0058.yoda.gz
     Model point sampled at these parameter values:
      * gAXd : 1.0
      * gAq : 0.25
      * gVXd : 1.0
      * gVl : 0.25
      * gVq : 0.25
      * mXd : 1432.2222222222222
      * mY1 : 2010.0

INFO - Found 1 valid yoda files unix/cedar/junyingwu/contur_compare/grid_snapshot/8TeV/0059/runpoint_0059.yoda.gz
     Model point sampled at these parameter values:
      * gAXd : 1.0
      * gAq : 0.25
      * gVXd : 1.0
      * gVl : 0.25
      * gVq : 0.25
      * mXd : 1610.0
      * mY1 : 2010.0

INFO - Found 1 valid yoda files unix/cedar/junyingwu/contur_compare/grid_snapshot/8TeV/0060/runpoint_0060.yoda.gz
     Model point sampled at these parameter values:
      * gAXd : 1.0
      * gAq : 0.25
      * gVXd : 1.0
      * gVl : 0.25
      * gVq : 0.25
      * mXd : 10.0
      * mY1 : 2410.0

INFO - Found 1 valid yoda files unix/cedar/junyingwu/contur_compare/grid_snapshot/8TeV/0061/runpoint_0061.yoda.gz
     Model point sampled at these parameter values:
      * gAXd : 1.0
      * gAq : 0.25
      * gVXd : 1.0
      * gVl : 0.25
      * gVq : 0.25
      * mXd : 187.77777777777777
      * mY1 : 2410.0

INFO - Found 1 valid yoda files unix/cedar/junyingwu/contur_compare/grid_snapshot/8TeV/0062/runpoint_0062.yoda.gz
     Model point sampled at these parameter values:
      * gAXd : 1.0
      * gAq : 0.25
      * gVXd : 1.0
      * gVl : 0.25
      * gVq : 0.25
      * mXd : 365.55555555555554
      * mY1 : 2410.0

INFO - Found 1 valid yoda files unix/cedar/junyingwu/contur_compare/grid_snapshot/8TeV/0063/runpoint_0063.yoda.gz
     Model point sampled at these parameter values:
      * gAXd : 1.0
      * gAq : 0.25
      * gVXd : 1.0
      * gVl : 0.25
      * gVq : 0.25
      * mXd : 543.3333333333333
      * mY1 : 2410.0

INFO - Found 1 valid yoda files unix/cedar/junyingwu/contur_compare/grid_snapshot/8TeV/0064/runpoint_0064.yoda.gz
     Model point sampled at these parameter values:
      * gAXd : 1.0
      * gAq : 0.25
      * gVXd : 1.0
      * gVl : 0.25
      * gVq : 0.25
      * mXd : 721.1111111111111
      * mY1 : 2410.0

INFO - Found 1 valid yoda files unix/cedar/junyingwu/contur_compare/grid_snapshot/8TeV/0065/runpoint_0065.yoda.gz
     Model point sampled at these parameter values:
      * gAXd : 1.0
      * gAq : 0.25
      * gVXd : 1.0
      * gVl : 0.25
      * gVq : 0.25
      * mXd : 898.8888888888889
      * mY1 : 2410.0

INFO - Found 1 valid yoda files unix/cedar/junyingwu/contur_compare/grid_snapshot/8TeV/0066/runpoint_0066.yoda.gz
     Model point sampled at these parameter values:
      * gAXd : 1.0
      * gAq : 0.25
      * gVXd : 1.0
      * gVl : 0.25
      * gVq : 0.25
      * mXd : 1076.6666666666665
      * mY1 : 2410.0

INFO - Found 1 valid yoda files unix/cedar/junyingwu/contur_compare/grid_snapshot/8TeV/0067/runpoint_0067.yoda.gz
     Model point sampled at these parameter values:
      * gAXd : 1.0
      * gAq : 0.25
      * gVXd : 1.0
      * gVl : 0.25
      * gVq : 0.25
      * mXd : 1254.4444444444443
      * mY1 : 2410.0

INFO - Found 1 valid yoda files unix/cedar/junyingwu/contur_compare/grid_snapshot/8TeV/0068/runpoint_0068.yoda.gz
     Model point sampled at these parameter values:
      * gAXd : 1.0
      * gAq : 0.25
      * gVXd : 1.0
      * gVl : 0.25
      * gVq : 0.25
      * mXd : 1432.2222222222222
      * mY1 : 2410.0

INFO - Found 1 valid yoda files unix/cedar/junyingwu/contur_compare/grid_snapshot/8TeV/0069/runpoint_0069.yoda.gz
     Model point sampled at these parameter values:
      * gAXd : 1.0
      * gAq : 0.25
      * gVXd : 1.0
      * gVl : 0.25
      * gVq : 0.25
      * mXd : 1610.0
      * mY1 : 2410.0

INFO - Found 1 valid yoda files unix/cedar/junyingwu/contur_compare/grid_snapshot/8TeV/0070/runpoint_0070.yoda.gz
     Model point sampled at these parameter values:
      * gAXd : 1.0
      * gAq : 0.25
      * gVXd : 1.0
      * gVl : 0.25
      * gVq : 0.25
      * mXd : 10.0
      * mY1 : 2810.0

INFO - Found 1 valid yoda files unix/cedar/junyingwu/contur_compare/grid_snapshot/8TeV/0071/runpoint_0071.yoda.gz
     Model point sampled at these parameter values:
      * gAXd : 1.0
      * gAq : 0.25
      * gVXd : 1.0
      * gVl : 0.25
      * gVq : 0.25
      * mXd : 187.77777777777777
      * mY1 : 2810.0

INFO - Found 1 valid yoda files unix/cedar/junyingwu/contur_compare/grid_snapshot/8TeV/0072/runpoint_0072.yoda.gz
     Model point sampled at these parameter values:
      * gAXd : 1.0
      * gAq : 0.25
      * gVXd : 1.0
      * gVl : 0.25
      * gVq : 0.25
      * mXd : 365.55555555555554
      * mY1 : 2810.0

INFO - Found 1 valid yoda files unix/cedar/junyingwu/contur_compare/grid_snapshot/8TeV/0073/runpoint_0073.yoda.gz
     Model point sampled at these parameter values:
      * gAXd : 1.0
      * gAq : 0.25
      * gVXd : 1.0
      * gVl : 0.25
      * gVq : 0.25
      * mXd : 543.3333333333333
      * mY1 : 2810.0

INFO - Found 1 valid yoda files unix/cedar/junyingwu/contur_compare/grid_snapshot/8TeV/0074/runpoint_0074.yoda.gz
     Model point sampled at these parameter values:
      * gAXd : 1.0
      * gAq : 0.25
      * gVXd : 1.0
      * gVl : 0.25
      * gVq : 0.25
      * mXd : 721.1111111111111
      * mY1 : 2810.0

INFO - Found 1 valid yoda files unix/cedar/junyingwu/contur_compare/grid_snapshot/8TeV/0075/runpoint_0075.yoda.gz
     Model point sampled at these parameter values:
      * gAXd : 1.0
      * gAq : 0.25
      * gVXd : 1.0
      * gVl : 0.25
      * gVq : 0.25
      * mXd : 898.8888888888889
      * mY1 : 2810.0

INFO - Found 1 valid yoda files unix/cedar/junyingwu/contur_compare/grid_snapshot/8TeV/0076/runpoint_0076.yoda.gz
     Model point sampled at these parameter values:
      * gAXd : 1.0
      * gAq : 0.25
      * gVXd : 1.0
      * gVl : 0.25
      * gVq : 0.25
      * mXd : 1076.6666666666665
      * mY1 : 2810.0

INFO - Found 1 valid yoda files unix/cedar/junyingwu/contur_compare/grid_snapshot/8TeV/0077/runpoint_0077.yoda.gz
     Model point sampled at these parameter values:
      * gAXd : 1.0
      * gAq : 0.25
      * gVXd : 1.0
      * gVl : 0.25
      * gVq : 0.25
      * mXd : 1254.4444444444443
      * mY1 : 2810.0

INFO - Found 1 valid yoda files unix/cedar/junyingwu/contur_compare/grid_snapshot/8TeV/0078/runpoint_0078.yoda.gz
     Model point sampled at these parameter values:
      * gAXd : 1.0
      * gAq : 0.25
      * gVXd : 1.0
      * gVl : 0.25
      * gVq : 0.25
      * mXd : 1432.2222222222222
      * mY1 : 2810.0

INFO - Found 1 valid yoda files unix/cedar/junyingwu/contur_compare/grid_snapshot/8TeV/0079/runpoint_0079.yoda.gz
     Model point sampled at these parameter values:
      * gAXd : 1.0
      * gAq : 0.25
      * gVXd : 1.0
      * gVl : 0.25
      * gVq : 0.25
      * mXd : 1610.0
      * mY1 : 2810.0

INFO - Found 1 valid yoda files unix/cedar/junyingwu/contur_compare/grid_snapshot/8TeV/0080/runpoint_0080.yoda.gz
     Model point sampled at these parameter values:
      * gAXd : 1.0
      * gAq : 0.25
      * gVXd : 1.0
      * gVl : 0.25
      * gVq : 0.25
      * mXd : 10.0
      * mY1 : 3210.0

INFO - Found 1 valid yoda files unix/cedar/junyingwu/contur_compare/grid_snapshot/8TeV/0081/runpoint_0081.yoda.gz
     Model point sampled at these parameter values:
      * gAXd : 1.0
      * gAq : 0.25
      * gVXd : 1.0
      * gVl : 0.25
      * gVq : 0.25
      * mXd : 187.77777777777777
      * mY1 : 3210.0

INFO - Found 1 valid yoda files unix/cedar/junyingwu/contur_compare/grid_snapshot/8TeV/0082/runpoint_0082.yoda.gz
     Model point sampled at these parameter values:
      * gAXd : 1.0
      * gAq : 0.25
      * gVXd : 1.0
      * gVl : 0.25
      * gVq : 0.25
      * mXd : 365.55555555555554
      * mY1 : 3210.0

INFO - Found 1 valid yoda files unix/cedar/junyingwu/contur_compare/grid_snapshot/8TeV/0083/runpoint_0083.yoda.gz
     Model point sampled at these parameter values:
      * gAXd : 1.0
      * gAq : 0.25
      * gVXd : 1.0
      * gVl : 0.25
      * gVq : 0.25
      * mXd : 543.3333333333333
      * mY1 : 3210.0

INFO - Found 1 valid yoda files unix/cedar/junyingwu/contur_compare/grid_snapshot/8TeV/0084/runpoint_0084.yoda.gz
     Model point sampled at these parameter values:
      * gAXd : 1.0
      * gAq : 0.25
      * gVXd : 1.0
      * gVl : 0.25
      * gVq : 0.25
      * mXd : 721.1111111111111
      * mY1 : 3210.0

INFO - Found 1 valid yoda files unix/cedar/junyingwu/contur_compare/grid_snapshot/8TeV/0085/runpoint_0085.yoda.gz
     Model point sampled at these parameter values:
      * gAXd : 1.0
      * gAq : 0.25
      * gVXd : 1.0
      * gVl : 0.25
      * gVq : 0.25
      * mXd : 898.8888888888889
      * mY1 : 3210.0

INFO - Found 1 valid yoda files unix/cedar/junyingwu/contur_compare/grid_snapshot/8TeV/0086/runpoint_0086.yoda.gz
     Model point sampled at these parameter values:
      * gAXd : 1.0
      * gAq : 0.25
      * gVXd : 1.0
      * gVl : 0.25
      * gVq : 0.25
      * mXd : 1076.6666666666665
      * mY1 : 3210.0

INFO - Found 1 valid yoda files unix/cedar/junyingwu/contur_compare/grid_snapshot/8TeV/0087/runpoint_0087.yoda.gz
     Model point sampled at these parameter values:
      * gAXd : 1.0
      * gAq : 0.25
      * gVXd : 1.0
      * gVl : 0.25
      * gVq : 0.25
      * mXd : 1254.4444444444443
      * mY1 : 3210.0

INFO - Found 1 valid yoda files unix/cedar/junyingwu/contur_compare/grid_snapshot/8TeV/0088/runpoint_0088.yoda.gz
     Model point sampled at these parameter values:
      * gAXd : 1.0
      * gAq : 0.25
      * gVXd : 1.0
      * gVl : 0.25
      * gVq : 0.25
      * mXd : 1432.2222222222222
      * mY1 : 3210.0

INFO - Found 1 valid yoda files unix/cedar/junyingwu/contur_compare/grid_snapshot/8TeV/0089/runpoint_0089.yoda.gz
     Model point sampled at these parameter values:
      * gAXd : 1.0
      * gAq : 0.25
      * gVXd : 1.0
      * gVl : 0.25
      * gVq : 0.25
      * mXd : 1610.0
      * mY1 : 3210.0

INFO - Found 1 valid yoda files unix/cedar/junyingwu/contur_compare/grid_snapshot/8TeV/0090/runpoint_0090.yoda.gz
     Model point sampled at these parameter values:
      * gAXd : 1.0
      * gAq : 0.25
      * gVXd : 1.0
      * gVl : 0.25
      * gVq : 0.25
      * mXd : 10.0
      * mY1 : 3610.0

INFO - Found 1 valid yoda files unix/cedar/junyingwu/contur_compare/grid_snapshot/8TeV/0091/runpoint_0091.yoda.gz
     Model point sampled at these parameter values:
      * gAXd : 1.0
      * gAq : 0.25
      * gVXd : 1.0
      * gVl : 0.25
      * gVq : 0.25
      * mXd : 187.77777777777777
      * mY1 : 3610.0

INFO - Found 1 valid yoda files unix/cedar/junyingwu/contur_compare/grid_snapshot/8TeV/0092/runpoint_0092.yoda.gz
     Model point sampled at these parameter values:
      * gAXd : 1.0
      * gAq : 0.25
      * gVXd : 1.0
      * gVl : 0.25
      * gVq : 0.25
      * mXd : 365.55555555555554
      * mY1 : 3610.0

INFO - Found 1 valid yoda files unix/cedar/junyingwu/contur_compare/grid_snapshot/8TeV/0093/runpoint_0093.yoda.gz
     Model point sampled at these parameter values:
      * gAXd : 1.0
      * gAq : 0.25
      * gVXd : 1.0
      * gVl : 0.25
      * gVq : 0.25
      * mXd : 543.3333333333333
      * mY1 : 3610.0

INFO - Found 1 valid yoda files unix/cedar/junyingwu/contur_compare/grid_snapshot/8TeV/0094/runpoint_0094.yoda.gz
     Model point sampled at these parameter values:
      * gAXd : 1.0
      * gAq : 0.25
      * gVXd : 1.0
      * gVl : 0.25
      * gVq : 0.25
      * mXd : 721.1111111111111
      * mY1 : 3610.0

INFO - Found 1 valid yoda files unix/cedar/junyingwu/contur_compare/grid_snapshot/8TeV/0095/runpoint_0095.yoda.gz
     Model point sampled at these parameter values:
      * gAXd : 1.0
      * gAq : 0.25
      * gVXd : 1.0
      * gVl : 0.25
      * gVq : 0.25
      * mXd : 898.8888888888889
      * mY1 : 3610.0

INFO - Found 1 valid yoda files unix/cedar/junyingwu/contur_compare/grid_snapshot/8TeV/0096/runpoint_0096.yoda.gz
     Model point sampled at these parameter values:
      * gAXd : 1.0
      * gAq : 0.25
      * gVXd : 1.0
      * gVl : 0.25
      * gVq : 0.25
      * mXd : 1076.6666666666665
      * mY1 : 3610.0

INFO - Found 1 valid yoda files unix/cedar/junyingwu/contur_compare/grid_snapshot/8TeV/0097/runpoint_0097.yoda.gz
     Model point sampled at these parameter values:
      * gAXd : 1.0
      * gAq : 0.25
      * gVXd : 1.0
      * gVl : 0.25
      * gVq : 0.25
      * mXd : 1254.4444444444443
      * mY1 : 3610.0

INFO - Found 1 valid yoda files unix/cedar/junyingwu/contur_compare/grid_snapshot/8TeV/0098/runpoint_0098.yoda.gz
     Model point sampled at these parameter values:
      * gAXd : 1.0
      * gAq : 0.25
      * gVXd : 1.0
      * gVl : 0.25
      * gVq : 0.25
      * mXd : 1432.2222222222222
      * mY1 : 3610.0

INFO - Found 1 valid yoda files unix/cedar/junyingwu/contur_compare/grid_snapshot/8TeV/0099/runpoint_0099.yoda.gz
     Model point sampled at these parameter values:
      * gAXd : 1.0
      * gAq : 0.25
      * gVXd : 1.0
      * gVl : 0.25
      * gVq : 0.25
      * mXd : 1610.0
      * mY1 : 3610.0

INFO - Found 1833 potentially valid histograms in /unix/cedar/junyingwu/contur_compare/grid_snapshot/13TeV/0000/runpoint_0000.yoda.gz
INFO - Cross section 557904.0 pb, 200.0 generated events
INFO - Found 13 potentially valid histograms in /unix/cedar/junyingwu/contur_compare/grid_snapshot/7TeV/0000/runpoint_0000.yoda.gz
INFO - Cross section 287730.2 pb, 200.0 generated events
INFO - Found 456 potentially valid histograms in /unix/cedar/junyingwu/contur_compare/grid_snapshot/8TeV/0000/runpoint_0000.yoda.gz
INFO - Cross section 332148.1 pb, 200.0 generated events
INFO - Found 1833 potentially valid histograms in /unix/cedar/junyingwu/contur_compare/grid_snapshot/13TeV/0000/runpoint_0000.yoda.gz
INFO - Cross section 557904.0 pb, 200.0 generated events
INFO - Found 13 potentially valid histograms in /unix/cedar/junyingwu/contur_compare/grid_snapshot/7TeV/0000/runpoint_0000.yoda.gz
INFO - Cross section 287730.2 pb, 200.0 generated events
INFO - Found 456 potentially valid histograms in /unix/cedar/junyingwu/contur_compare/grid_snapshot/8TeV/0000/runpoint_0000.yoda.gz
INFO - Cross section 332148.1 pb, 200.0 generated events
INFO - Processed ConturPoint 0000, with parameter values: {'gAXd': '1.0', 'gAq': '0.25', 'gVXd': '1.0', 'gVl': '0.25', 'gVq': '0.25', 'mXd': '10.0', 'mY1': '10.0'}
     - SMBG=0.5841791863575598 
     - EXP=0.7132124352113585 
     - HLEXP=1.0 

INFO - No match found in the Contur Model database for the model in /unix/cedar/junyingwu/contur_compare/dissertation_runs/observable_isolated_20260803T004228+0100/runs/unprofiled_1_modified/RunInfo.
       If you want this to be added, copy the sources files into the contur Models area and remake.
INFO - No run block in /unix/cedar/junyingwu/contur_compare/grid_snapshot/param_file.dat. Will use environment variables
INFO - Writing summary for grid mode into database: /unix/cedar/junyingwu/contur_compare/dissertation_runs/observable_isolated_20260803T004228+0100/runs/unprofiled_1_modified/./ANALYSIS/contur_run.db
INFO - Writing runpoint 0000 to database
INFO - Run point 0000 written to /unix/cedar/junyingwu/contur_compare/dissertation_runs/observable_isolated_20260803T004228+0100/runs/unprofiled_1_modified/./ANALYSIS/contur_run.db
INFO - Found 1833 potentially valid histograms in /unix/cedar/junyingwu/contur_compare/grid_snapshot/13TeV/0001/runpoint_0001.yoda.gz
INFO - Cross section 533422.9 pb, 200.0 generated events
INFO - Found 13 potentially valid histograms in /unix/cedar/junyingwu/contur_compare/grid_snapshot/7TeV/0001/runpoint_0001.yoda.gz
INFO - Cross section 264062.2 pb, 200.0 generated events
INFO - Found 456 potentially valid histograms in /unix/cedar/junyingwu/contur_compare/grid_snapshot/8TeV/0001/runpoint_0001.yoda.gz
INFO - Cross section 296650.6 pb, 200.0 generated events
INFO - Processed ConturPoint 0001, with parameter values: {'gAXd': '1.0', 'gAq': '0.25', 'gVXd': '1.0', 'gVl': '0.25', 'gVq': '0.25', 'mXd': '187.77777777777777', 'mY1': '10.0'}
     - SMBG=0.6886733816255477 
     - EXP=0.8436154175085363 
     - HLEXP=1.0 

INFO - No match found in the Contur Model database for the model in /unix/cedar/junyingwu/contur_compare/dissertation_runs/observable_isolated_20260803T004228+0100/runs/unprofiled_1_modified/RunInfo.
       If you want this to be added, copy the sources files into the contur Models area and remake.
INFO - No run block in /unix/cedar/junyingwu/contur_compare/grid_snapshot/param_file.dat. Will use environment variables
INFO - Writing summary for grid mode into database: /unix/cedar/junyingwu/contur_compare/dissertation_runs/observable_isolated_20260803T004228+0100/runs/unprofiled_1_modified/./ANALYSIS/contur_run.db
INFO - Writing runpoint 0001 to database
INFO - Run point 0001 written to /unix/cedar/junyingwu/contur_compare/dissertation_runs/observable_isolated_20260803T004228+0100/runs/unprofiled_1_modified/./ANALYSIS/contur_run.db
INFO - Found 1833 potentially valid histograms in /unix/cedar/junyingwu/contur_compare/grid_snapshot/13TeV/0002/runpoint_0002.yoda.gz
INFO - Cross section 544459.7 pb, 200.0 generated events
INFO - Found 13 potentially valid histograms in /unix/cedar/junyingwu/contur_compare/grid_snapshot/7TeV/0002/runpoint_0002.yoda.gz
INFO - Cross section 248189.3 pb, 200.0 generated events
INFO - Found 456 potentially valid histograms in /unix/cedar/junyingwu/contur_compare/grid_snapshot/8TeV/0002/runpoint_0002.yoda.gz
INFO - Cross section 289887.2 pb, 200.0 generated events
INFO - Processed ConturPoint 0002, with parameter values: {'gAXd': '1.0', 'gAq': '0.25', 'gVXd': '1.0', 'gVl': '0.25', 'gVq': '0.25', 'mXd': '365.55555555555554', 'mY1': '10.0'}
     - SMBG=0.3150550612968174 
     - EXP=0.44464686846929546 
     - HLEXP=1.0 

INFO - No match found in the Contur Model database for the model in /unix/cedar/junyingwu/contur_compare/dissertation_runs/observable_isolated_20260803T004228+0100/runs/unprofiled_1_modified/RunInfo.
       If you want this to be added, copy the sources files into the contur Models area and remake.
INFO - No run block in /unix/cedar/junyingwu/contur_compare/grid_snapshot/param_file.dat. Will use environment variables
INFO - Writing summary for grid mode into database: /unix/cedar/junyingwu/contur_compare/dissertation_runs/observable_isolated_20260803T004228+0100/runs/unprofiled_1_modified/./ANALYSIS/contur_run.db
INFO - Writing runpoint 0002 to database
INFO - Run point 0002 written to /unix/cedar/junyingwu/contur_compare/dissertation_runs/observable_isolated_20260803T004228+0100/runs/unprofiled_1_modified/./ANALYSIS/contur_run.db
INFO - Found 1833 potentially valid histograms in /unix/cedar/junyingwu/contur_compare/grid_snapshot/13TeV/0003/runpoint_0003.yoda.gz
INFO - Cross section 502930.0 pb, 200.0 generated events
INFO - Found 13 potentially valid histograms in /unix/cedar/junyingwu/contur_compare/grid_snapshot/7TeV/0003/runpoint_0003.yoda.gz
INFO - Cross section 262793.9 pb, 200.0 generated events
INFO - Found 456 potentially valid histograms in /unix/cedar/junyingwu/contur_compare/grid_snapshot/8TeV/0003/runpoint_0003.yoda.gz
INFO - Cross section 304113.5 pb, 200.0 generated events
INFO - Processed ConturPoint 0003, with parameter values: {'gAXd': '1.0', 'gAq': '0.25', 'gVXd': '1.0', 'gVl': '0.25', 'gVq': '0.25', 'mXd': '543.3333333333333', 'mY1': '10.0'}
     - SMBG=0.4054033216708254 
     - EXP=0.6825615370540858 
     - HLEXP=0.6926784084989623 

INFO - No match found in the Contur Model database for the model in /unix/cedar/junyingwu/contur_compare/dissertation_runs/observable_isolated_20260803T004228+0100/runs/unprofiled_1_modified/RunInfo.
       If you want this to be added, copy the sources files into the contur Models area and remake.
INFO - No run block in /unix/cedar/junyingwu/contur_compare/grid_snapshot/param_file.dat. Will use environment variables
INFO - Writing summary for grid mode into database: /unix/cedar/junyingwu/contur_compare/dissertation_runs/observable_isolated_20260803T004228+0100/runs/unprofiled_1_modified/./ANALYSIS/contur_run.db
INFO - Writing runpoint 0003 to database
INFO - Run point 0003 written to /unix/cedar/junyingwu/contur_compare/dissertation_runs/observable_isolated_20260803T004228+0100/runs/unprofiled_1_modified/./ANALYSIS/contur_run.db
INFO - Found 1833 potentially valid histograms in /unix/cedar/junyingwu/contur_compare/grid_snapshot/13TeV/0004/runpoint_0004.yoda.gz
INFO - Cross section 536949.9 pb, 200.0 generated events
INFO - Found 13 potentially valid histograms in /unix/cedar/junyingwu/contur_compare/grid_snapshot/7TeV/0004/runpoint_0004.yoda.gz
INFO - Cross section 241657.3 pb, 200.0 generated events
INFO - Found 456 potentially valid histograms in /unix/cedar/junyingwu/contur_compare/grid_snapshot/8TeV/0004/runpoint_0004.yoda.gz
INFO - Cross section 277075.5 pb, 200.0 generated events
INFO - Processed ConturPoint 0004, with parameter values: {'gAXd': '1.0', 'gAq': '0.25', 'gVXd': '1.0', 'gVl': '0.25', 'gVq': '0.25', 'mXd': '721.1111111111111', 'mY1': '10.0'}
     - SMBG=0.5230440941931878 
     - EXP=0.4140997187566766 
     - HLEXP=1.0 

INFO - No match found in the Contur Model database for the model in /unix/cedar/junyingwu/contur_compare/dissertation_runs/observable_isolated_20260803T004228+0100/runs/unprofiled_1_modified/RunInfo.
       If you want this to be added, copy the sources files into the contur Models area and remake.
INFO - No run block in /unix/cedar/junyingwu/contur_compare/grid_snapshot/param_file.dat. Will use environment variables
INFO - Writing summary for grid mode into database: /unix/cedar/junyingwu/contur_compare/dissertation_runs/observable_isolated_20260803T004228+0100/runs/unprofiled_1_modified/./ANALYSIS/contur_run.db
INFO - Writing runpoint 0004 to database
INFO - Run point 0004 written to /unix/cedar/junyingwu/contur_compare/dissertation_runs/observable_isolated_20260803T004228+0100/runs/unprofiled_1_modified/./ANALYSIS/contur_run.db
INFO - Found 1833 potentially valid histograms in /unix/cedar/junyingwu/contur_compare/grid_snapshot/13TeV/0005/runpoint_0005.yoda.gz
INFO - Cross section 546685.2 pb, 200.0 generated events
INFO - Found 13 potentially valid histograms in /unix/cedar/junyingwu/contur_compare/grid_snapshot/7TeV/0005/runpoint_0005.yoda.gz
INFO - Cross section 249279.4 pb, 200.0 generated events
INFO - Found 456 potentially valid histograms in /unix/cedar/junyingwu/contur_compare/grid_snapshot/8TeV/0005/runpoint_0005.yoda.gz
INFO - Cross section 272695.0 pb, 200.0 generated events
INFO - Processed ConturPoint 0005, with parameter values: {'gAXd': '1.0', 'gAq': '0.25', 'gVXd': '1.0', 'gVl': '0.25', 'gVq': '0.25', 'mXd': '898.8888888888889', 'mY1': '10.0'}
     - SMBG=0.6723605799044101 
     - EXP=0.7986519470112199 
     - HLEXP=1 

INFO - No match found in the Contur Model database for the model in /unix/cedar/junyingwu/contur_compare/dissertation_runs/observable_isolated_20260803T004228+0100/runs/unprofiled_1_modified/RunInfo.
       If you want this to be added, copy the sources files into the contur Models area and remake.
INFO - No run block in /unix/cedar/junyingwu/contur_compare/grid_snapshot/param_file.dat. Will use environment variables
INFO - Writing summary for grid mode into database: /unix/cedar/junyingwu/contur_compare/dissertation_runs/observable_isolated_20260803T004228+0100/runs/unprofiled_1_modified/./ANALYSIS/contur_run.db
INFO - Writing runpoint 0005 to database
INFO - Run point 0005 written to /unix/cedar/junyingwu/contur_compare/dissertation_runs/observable_isolated_20260803T004228+0100/runs/unprofiled_1_modified/./ANALYSIS/contur_run.db
INFO - Found 1833 potentially valid histograms in /unix/cedar/junyingwu/contur_compare/grid_snapshot/13TeV/0006/runpoint_0006.yoda.gz
INFO - Cross section 526983.3 pb, 200.0 generated events
INFO - Found 13 potentially valid histograms in /unix/cedar/junyingwu/contur_compare/grid_snapshot/7TeV/0006/runpoint_0006.yoda.gz
INFO - Cross section 252751.4 pb, 200.0 generated events
INFO - Found 456 potentially valid histograms in /unix/cedar/junyingwu/contur_compare/grid_snapshot/8TeV/0006/runpoint_0006.yoda.gz
INFO - Cross section 293659.8 pb, 200.0 generated events
INFO - Processed ConturPoint 0006, with parameter values: {'gAXd': '1.0', 'gAq': '0.25', 'gVXd': '1.0', 'gVl': '0.25', 'gVq': '0.25', 'mXd': '1076.6666666666665', 'mY1': '10.0'}
     - SMBG=0.5432072353940619 
     - EXP=0.5029783159073977 
     - HLEXP=1.0 

INFO - No match found in the Contur Model database for the model in /unix/cedar/junyingwu/contur_compare/dissertation_runs/observable_isolated_20260803T004228+0100/runs/unprofiled_1_modified/RunInfo.
       If you want this to be added, copy the sources files into the contur Models area and remake.
INFO - No run block in /unix/cedar/junyingwu/contur_compare/grid_snapshot/param_file.dat. Will use environment variables
INFO - Writing summary for grid mode into database: /unix/cedar/junyingwu/contur_compare/dissertation_runs/observable_isolated_20260803T004228+0100/runs/unprofiled_1_modified/./ANALYSIS/contur_run.db
INFO - Writing runpoint 0006 to database
INFO - Run point 0006 written to /unix/cedar/junyingwu/contur_compare/dissertation_runs/observable_isolated_20260803T004228+0100/runs/unprofiled_1_modified/./ANALYSIS/contur_run.db
INFO - Found 1833 potentially valid histograms in /unix/cedar/junyingwu/contur_compare/grid_snapshot/13TeV/0007/runpoint_0007.yoda.gz
INFO - Cross section 543095.9 pb, 200.0 generated events
INFO - Found 13 potentially valid histograms in /unix/cedar/junyingwu/contur_compare/grid_snapshot/7TeV/0007/runpoint_0007.yoda.gz
INFO - Cross section 262201.8 pb, 200.0 generated events
INFO - Found 456 potentially valid histograms in /unix/cedar/junyingwu/contur_compare/grid_snapshot/8TeV/0007/runpoint_0007.yoda.gz
INFO - Cross section 311834.7 pb, 200.0 generated events
INFO - Processed ConturPoint 0007, with parameter values: {'gAXd': '1.0', 'gAq': '0.25', 'gVXd': '1.0', 'gVl': '0.25', 'gVq': '0.25', 'mXd': '1254.4444444444443', 'mY1': '10.0'}
     - SMBG=0.6422326082536718 
     - EXP=0.8480596739285989 
     - HLEXP=1 

INFO - No match found in the Contur Model database for the model in /unix/cedar/junyingwu/contur_compare/dissertation_runs/observable_isolated_20260803T004228+0100/runs/unprofiled_1_modified/RunInfo.
       If you want this to be added, copy the sources files into the contur Models area and remake.
INFO - No run block in /unix/cedar/junyingwu/contur_compare/grid_snapshot/param_file.dat. Will use environment variables
INFO - Writing summary for grid mode into database: /unix/cedar/junyingwu/contur_compare/dissertation_runs/observable_isolated_20260803T004228+0100/runs/unprofiled_1_modified/./ANALYSIS/contur_run.db
INFO - Writing runpoint 0007 to database
INFO - Run point 0007 written to /unix/cedar/junyingwu/contur_compare/dissertation_runs/observable_isolated_20260803T004228+0100/runs/unprofiled_1_modified/./ANALYSIS/contur_run.db
INFO - Found 1833 potentially valid histograms in /unix/cedar/junyingwu/contur_compare/grid_snapshot/13TeV/0008/runpoint_0008.yoda.gz
INFO - Cross section 481721.5 pb, 200.0 generated events
INFO - Found 13 potentially valid histograms in /unix/cedar/junyingwu/contur_compare/grid_snapshot/7TeV/0008/runpoint_0008.yoda.gz
INFO - Cross section 255185.3 pb, 200.0 generated events
INFO - Found 456 potentially valid histograms in /unix/cedar/junyingwu/contur_compare/grid_snapshot/8TeV/0008/runpoint_0008.yoda.gz
INFO - Cross section 317597.4 pb, 200.0 generated events
INFO - Processed ConturPoint 0008, with parameter values: {'gAXd': '1.0', 'gAq': '0.25', 'gVXd': '1.0', 'gVl': '0.25', 'gVq': '0.25', 'mXd': '1432.2222222222222', 'mY1': '10.0'}
     - SMBG=0.07461500010110178 
     - EXP=0.10333657305153832 
     - HLEXP=0.9998086971301341 

INFO - No match found in the Contur Model database for the model in /unix/cedar/junyingwu/contur_compare/dissertation_runs/observable_isolated_20260803T004228+0100/runs/unprofiled_1_modified/RunInfo.
       If you want this to be added, copy the sources files into the contur Models area and remake.
INFO - No run block in /unix/cedar/junyingwu/contur_compare/grid_snapshot/param_file.dat. Will use environment variables
INFO - Writing summary for grid mode into database: /unix/cedar/junyingwu/contur_compare/dissertation_runs/observable_isolated_20260803T004228+0100/runs/unprofiled_1_modified/./ANALYSIS/contur_run.db
INFO - Writing runpoint 0008 to database
INFO - Run point 0008 written to /unix/cedar/junyingwu/contur_compare/dissertation_runs/observable_isolated_20260803T004228+0100/runs/unprofiled_1_modified/./ANALYSIS/contur_run.db
INFO - Found 1833 potentially valid histograms in /unix/cedar/junyingwu/contur_compare/grid_snapshot/13TeV/0009/runpoint_0009.yoda.gz
INFO - Cross section 537255.7 pb, 200.0 generated events
INFO - Found 13 potentially valid histograms in /unix/cedar/junyingwu/contur_compare/grid_snapshot/7TeV/0009/runpoint_0009.yoda.gz
INFO - Cross section 261161.2 pb, 200.0 generated events
INFO - Found 456 potentially valid histograms in /unix/cedar/junyingwu/contur_compare/grid_snapshot/8TeV/0009/runpoint_0009.yoda.gz
INFO - Cross section 311540.7 pb, 200.0 generated events
INFO - Processed ConturPoint 0009, with parameter values: {'gAXd': '1.0', 'gAq': '0.25', 'gVXd': '1.0', 'gVl': '0.25', 'gVq': '0.25', 'mXd': '1610.0', 'mY1': '10.0'}
     - SMBG=0.40251832983424607 
     - EXP=0.3802265890730405 
     - HLEXP=1.0 

INFO - No match found in the Contur Model database for the model in /unix/cedar/junyingwu/contur_compare/dissertation_runs/observable_isolated_20260803T004228+0100/runs/unprofiled_1_modified/RunInfo.
       If you want this to be added, copy the sources files into the contur Models area and remake.
INFO - No run block in /unix/cedar/junyingwu/contur_compare/grid_snapshot/param_file.dat. Will use environment variables
INFO - Writing summary for grid mode into database: /unix/cedar/junyingwu/contur_compare/dissertation_runs/observable_isolated_20260803T004228+0100/runs/unprofiled_1_modified/./ANALYSIS/contur_run.db
INFO - Writing runpoint 0009 to database
INFO - Run point 0009 written to /unix/cedar/junyingwu/contur_compare/dissertation_runs/observable_isolated_20260803T004228+0100/runs/unprofiled_1_modified/./ANALYSIS/contur_run.db
INFO - Found 1833 potentially valid histograms in /unix/cedar/junyingwu/contur_compare/grid_snapshot/13TeV/0010/runpoint_0010.yoda.gz
INFO - Cross section 1541.707 pb, 200.0 generated events
INFO - Found 13 potentially valid histograms in /unix/cedar/junyingwu/contur_compare/grid_snapshot/7TeV/0010/runpoint_0010.yoda.gz
INFO - Cross section 565.4836 pb, 200.0 generated events
INFO - Found 456 potentially valid histograms in /unix/cedar/junyingwu/contur_compare/grid_snapshot/8TeV/0010/runpoint_0010.yoda.gz
INFO - Cross section 729.4287 pb, 200.0 generated events
INFO - Processed ConturPoint 0010, with parameter values: {'gAXd': '1.0', 'gAq': '0.25', 'gVXd': '1.0', 'gVl': '0.25', 'gVq': '0.25', 'mXd': '10.0', 'mY1': '410.0'}
     - SMBG=0.9698917243319793 
     - EXP=0.9991859734987418 
     - HLEXP=1 

INFO - No match found in the Contur Model database for the model in /unix/cedar/junyingwu/contur_compare/dissertation_runs/observable_isolated_20260803T004228+0100/runs/unprofiled_1_modified/RunInfo.
       If you want this to be added, copy the sources files into the contur Models area and remake.
INFO - No run block in /unix/cedar/junyingwu/contur_compare/grid_snapshot/param_file.dat. Will use environment variables
INFO - Writing summary for grid mode into database: /unix/cedar/junyingwu/contur_compare/dissertation_runs/observable_isolated_20260803T004228+0100/runs/unprofiled_1_modified/./ANALYSIS/contur_run.db
INFO - Writing runpoint 0010 to database
INFO - Run point 0010 written to /unix/cedar/junyingwu/contur_compare/dissertation_runs/observable_isolated_20260803T004228+0100/runs/unprofiled_1_modified/./ANALYSIS/contur_run.db
INFO - Found 1833 potentially valid histograms in /unix/cedar/junyingwu/contur_compare/grid_snapshot/13TeV/0011/runpoint_0011.yoda.gz
INFO - Cross section 1501.815 pb, 200.0 generated events
INFO - Found 13 potentially valid histograms in /unix/cedar/junyingwu/contur_compare/grid_snapshot/7TeV/0011/runpoint_0011.yoda.gz
INFO - Cross section 573.7326 pb, 200.0 generated events
INFO - Found 456 potentially valid histograms in /unix/cedar/junyingwu/contur_compare/grid_snapshot/8TeV/0011/runpoint_0011.yoda.gz
INFO - Cross section 719.2845 pb, 200.0 generated events
INFO - Processed ConturPoint 0011, with parameter values: {'gAXd': '1.0', 'gAq': '0.25', 'gVXd': '1.0', 'gVl': '0.25', 'gVq': '0.25', 'mXd': '187.77777777777777', 'mY1': '410.0'}
     - SMBG=0.9999945137991889 
     - EXP=0.9999999994562913 
     - HLEXP=1 

INFO - No match found in the Contur Model database for the model in /unix/cedar/junyingwu/contur_compare/dissertation_runs/observable_isolated_20260803T004228+0100/runs/unprofiled_1_modified/RunInfo.
       If you want this to be added, copy the sources files into the contur Models area and remake.
INFO - No run block in /unix/cedar/junyingwu/contur_compare/grid_snapshot/param_file.dat. Will use environment variables
INFO - Writing summary for grid mode into database: /unix/cedar/junyingwu/contur_compare/dissertation_runs/observable_isolated_20260803T004228+0100/runs/unprofiled_1_modified/./ANALYSIS/contur_run.db
INFO - Writing runpoint 0011 to database
INFO - Run point 0011 written to /unix/cedar/junyingwu/contur_compare/dissertation_runs/observable_isolated_20260803T004228+0100/runs/unprofiled_1_modified/./ANALYSIS/contur_run.db
INFO - Found 1833 potentially valid histograms in /unix/cedar/junyingwu/contur_compare/grid_snapshot/13TeV/0012/runpoint_0012.yoda.gz
INFO - Cross section 1419.107 pb, 200.0 generated events
INFO - Found 13 potentially valid histograms in /unix/cedar/junyingwu/contur_compare/grid_snapshot/7TeV/0012/runpoint_0012.yoda.gz
INFO - Cross section 556.5209 pb, 200.0 generated events
INFO - Found 456 potentially valid histograms in /unix/cedar/junyingwu/contur_compare/grid_snapshot/8TeV/0012/runpoint_0012.yoda.gz
INFO - Cross section 686.469 pb, 200.0 generated events
INFO - Processed ConturPoint 0012, with parameter values: {'gAXd': '1.0', 'gAq': '0.25', 'gVXd': '1.0', 'gVl': '0.25', 'gVq': '0.25', 'mXd': '365.55555555555554', 'mY1': '410.0'}
     - SMBG=0.9998601371245852 
     - EXP=0.9999999426268532 
     - HLEXP=1 

INFO - No match found in the Contur Model database for the model in /unix/cedar/junyingwu/contur_compare/dissertation_runs/observable_isolated_20260803T004228+0100/runs/unprofiled_1_modified/RunInfo.
       If you want this to be added, copy the sources files into the contur Models area and remake.
INFO - No run block in /unix/cedar/junyingwu/contur_compare/grid_snapshot/param_file.dat. Will use environment variables
INFO - Writing summary for grid mode into database: /unix/cedar/junyingwu/contur_compare/dissertation_runs/observable_isolated_20260803T004228+0100/runs/unprofiled_1_modified/./ANALYSIS/contur_run.db
INFO - Writing runpoint 0012 to database
INFO - Run point 0012 written to /unix/cedar/junyingwu/contur_compare/dissertation_runs/observable_isolated_20260803T004228+0100/runs/unprofiled_1_modified/./ANALYSIS/contur_run.db
INFO - Found 1833 potentially valid histograms in /unix/cedar/junyingwu/contur_compare/grid_snapshot/13TeV/0013/runpoint_0013.yoda.gz
INFO - Cross section 1526.139 pb, 200.0 generated events
INFO - Found 13 potentially valid histograms in /unix/cedar/junyingwu/contur_compare/grid_snapshot/7TeV/0013/runpoint_0013.yoda.gz
INFO - Cross section 561.7962 pb, 200.0 generated events
INFO - Found 456 potentially valid histograms in /unix/cedar/junyingwu/contur_compare/grid_snapshot/8TeV/0013/runpoint_0013.yoda.gz
INFO - Cross section 686.4847 pb, 200.0 generated events
INFO - Processed ConturPoint 0013, with parameter values: {'gAXd': '1.0', 'gAq': '0.25', 'gVXd': '1.0', 'gVl': '0.25', 'gVq': '0.25', 'mXd': '543.3333333333333', 'mY1': '410.0'}
     - SMBG=0.9995104482709009 
     - EXP=0.9999974866588195 
     - HLEXP=1 

INFO - No match found in the Contur Model database for the model in /unix/cedar/junyingwu/contur_compare/dissertation_runs/observable_isolated_20260803T004228+0100/runs/unprofiled_1_modified/RunInfo.
       If you want this to be added, copy the sources files into the contur Models area and remake.
INFO - No run block in /unix/cedar/junyingwu/contur_compare/grid_snapshot/param_file.dat. Will use environment variables
INFO - Writing summary for grid mode into database: /unix/cedar/junyingwu/contur_compare/dissertation_runs/observable_isolated_20260803T004228+0100/runs/unprofiled_1_modified/./ANALYSIS/contur_run.db
INFO - Writing runpoint 0013 to database
INFO - Run point 0013 written to /unix/cedar/junyingwu/contur_compare/dissertation_runs/observable_isolated_20260803T004228+0100/runs/unprofiled_1_modified/./ANALYSIS/contur_run.db
INFO - Found 1833 potentially valid histograms in /unix/cedar/junyingwu/contur_compare/grid_snapshot/13TeV/0014/runpoint_0014.yoda.gz
INFO - Cross section 1486.734 pb, 200.0 generated events
INFO - Found 13 potentially valid histograms in /unix/cedar/junyingwu/contur_compare/grid_snapshot/7TeV/0014/runpoint_0014.yoda.gz
INFO - Cross section 522.9848 pb, 200.0 generated events
INFO - Found 456 potentially valid histograms in /unix/cedar/junyingwu/contur_compare/grid_snapshot/8TeV/0014/runpoint_0014.yoda.gz
INFO - Cross section 696.759 pb, 200.0 generated events
INFO - Processed ConturPoint 0014, with parameter values: {'gAXd': '1.0', 'gAq': '0.25', 'gVXd': '1.0', 'gVl': '0.25', 'gVq': '0.25', 'mXd': '721.1111111111111', 'mY1': '410.0'}
     - SMBG=0.9987448521440965 
     - EXP=0.9999982622959 
     - HLEXP=1 

INFO - No match found in the Contur Model database for the model in /unix/cedar/junyingwu/contur_compare/dissertation_runs/observable_isolated_20260803T004228+0100/runs/unprofiled_1_modified/RunInfo.
       If you want this to be added, copy the sources files into the contur Models area and remake.
INFO - No run block in /unix/cedar/junyingwu/contur_compare/grid_snapshot/param_file.dat. Will use environment variables
INFO - Writing summary for grid mode into database: /unix/cedar/junyingwu/contur_compare/dissertation_runs/observable_isolated_20260803T004228+0100/runs/unprofiled_1_modified/./ANALYSIS/contur_run.db
INFO - Writing runpoint 0014 to database
INFO - Run point 0014 written to /unix/cedar/junyingwu/contur_compare/dissertation_runs/observable_isolated_20260803T004228+0100/runs/unprofiled_1_modified/./ANALYSIS/contur_run.db
INFO - Found 1833 potentially valid histograms in /unix/cedar/junyingwu/contur_compare/grid_snapshot/13TeV/0015/runpoint_0015.yoda.gz
INFO - Cross section 1462.833 pb, 200.0 generated events
INFO - Found 13 potentially valid histograms in /unix/cedar/junyingwu/contur_compare/grid_snapshot/7TeV/0015/runpoint_0015.yoda.gz
INFO - Cross section 520.5927 pb, 200.0 generated events
INFO - Found 456 potentially valid histograms in /unix/cedar/junyingwu/contur_compare/grid_snapshot/8TeV/0015/runpoint_0015.yoda.gz
INFO - Cross section 705.706 pb, 200.0 generated events
INFO - Processed ConturPoint 0015, with parameter values: {'gAXd': '1.0', 'gAq': '0.25', 'gVXd': '1.0', 'gVl': '0.25', 'gVq': '0.25', 'mXd': '898.8888888888889', 'mY1': '410.0'}
     - SMBG=0.9999732361952328 
     - EXP=0.9999999999299033 
     - HLEXP=1 

INFO - No match found in the Contur Model database for the model in /unix/cedar/junyingwu/contur_compare/dissertation_runs/observable_isolated_20260803T004228+0100/runs/unprofiled_1_modified/RunInfo.
       If you want this to be added, copy the sources files into the contur Models area and remake.
INFO - No run block in /unix/cedar/junyingwu/contur_compare/grid_snapshot/param_file.dat. Will use environment variables
INFO - Writing summary for grid mode into database: /unix/cedar/junyingwu/contur_compare/dissertation_runs/observable_isolated_20260803T004228+0100/runs/unprofiled_1_modified/./ANALYSIS/contur_run.db
INFO - Writing runpoint 0015 to database
INFO - Run point 0015 written to /unix/cedar/junyingwu/contur_compare/dissertation_runs/observable_isolated_20260803T004228+0100/runs/unprofiled_1_modified/./ANALYSIS/contur_run.db
INFO - Found 1833 potentially valid histograms in /unix/cedar/junyingwu/contur_compare/grid_snapshot/13TeV/0016/runpoint_0016.yoda.gz
INFO - Cross section 1442.573 pb, 200.0 generated events
INFO - Found 13 potentially valid histograms in /unix/cedar/junyingwu/contur_compare/grid_snapshot/7TeV/0016/runpoint_0016.yoda.gz
INFO - Cross section 529.3862 pb, 200.0 generated events
INFO - Found 456 potentially valid histograms in /unix/cedar/junyingwu/contur_compare/grid_snapshot/8TeV/0016/runpoint_0016.yoda.gz
INFO - Cross section 644.1222 pb, 200.0 generated events
INFO - Processed ConturPoint 0016, with parameter values: {'gAXd': '1.0', 'gAq': '0.25', 'gVXd': '1.0', 'gVl': '0.25', 'gVq': '0.25', 'mXd': '1076.6666666666665', 'mY1': '410.0'}
     - SMBG=0.9999179612387677 
     - EXP=0.9999999997847764 
     - HLEXP=1 

INFO - No match found in the Contur Model database for the model in /unix/cedar/junyingwu/contur_compare/dissertation_runs/observable_isolated_20260803T004228+0100/runs/unprofiled_1_modified/RunInfo.
       If you want this to be added, copy the sources files into the contur Models area and remake.
INFO - No run block in /unix/cedar/junyingwu/contur_compare/grid_snapshot/param_file.dat. Will use environment variables
INFO - Writing summary for grid mode into database: /unix/cedar/junyingwu/contur_compare/dissertation_runs/observable_isolated_20260803T004228+0100/runs/unprofiled_1_modified/./ANALYSIS/contur_run.db
INFO - Writing runpoint 0016 to database
INFO - Run point 0016 written to /unix/cedar/junyingwu/contur_compare/dissertation_runs/observable_isolated_20260803T004228+0100/runs/unprofiled_1_modified/./ANALYSIS/contur_run.db
INFO - Found 1833 potentially valid histograms in /unix/cedar/junyingwu/contur_compare/grid_snapshot/13TeV/0017/runpoint_0017.yoda.gz
INFO - Cross section 1509.393 pb, 200.0 generated events
INFO - Found 13 potentially valid histograms in /unix/cedar/junyingwu/contur_compare/grid_snapshot/7TeV/0017/runpoint_0017.yoda.gz
INFO - Cross section 574.157 pb, 200.0 generated events
INFO - Found 456 potentially valid histograms in /unix/cedar/junyingwu/contur_compare/grid_snapshot/8TeV/0017/runpoint_0017.yoda.gz
INFO - Cross section 702.6187 pb, 200.0 generated events
INFO - Processed ConturPoint 0017, with parameter values: {'gAXd': '1.0', 'gAq': '0.25', 'gVXd': '1.0', 'gVl': '0.25', 'gVq': '0.25', 'mXd': '1254.4444444444443', 'mY1': '410.0'}
     - SMBG=0.9997515265798242 
     - EXP=0.9999999729335002 
     - HLEXP=1 

INFO - No match found in the Contur Model database for the model in /unix/cedar/junyingwu/contur_compare/dissertation_runs/observable_isolated_20260803T004228+0100/runs/unprofiled_1_modified/RunInfo.
       If you want this to be added, copy the sources files into the contur Models area and remake.
INFO - No run block in /unix/cedar/junyingwu/contur_compare/grid_snapshot/param_file.dat. Will use environment variables
INFO - Writing summary for grid mode into database: /unix/cedar/junyingwu/contur_compare/dissertation_runs/observable_isolated_20260803T004228+0100/runs/unprofiled_1_modified/./ANALYSIS/contur_run.db
INFO - Writing runpoint 0017 to database
INFO - Run point 0017 written to /unix/cedar/junyingwu/contur_compare/dissertation_runs/observable_isolated_20260803T004228+0100/runs/unprofiled_1_modified/./ANALYSIS/contur_run.db
INFO - Found 1833 potentially valid histograms in /unix/cedar/junyingwu/contur_compare/grid_snapshot/13TeV/0018/runpoint_0018.yoda.gz
INFO - Cross section 1434.703 pb, 200.0 generated events
INFO - Found 13 potentially valid histograms in /unix/cedar/junyingwu/contur_compare/grid_snapshot/7TeV/0018/runpoint_0018.yoda.gz
INFO - Cross section 574.6417 pb, 200.0 generated events
INFO - Found 456 potentially valid histograms in /unix/cedar/junyingwu/contur_compare/grid_snapshot/8TeV/0018/runpoint_0018.yoda.gz
INFO - Cross section 669.7223 pb, 200.0 generated events
INFO - Processed ConturPoint 0018, with parameter values: {'gAXd': '1.0', 'gAq': '0.25', 'gVXd': '1.0', 'gVl': '0.25', 'gVq': '0.25', 'mXd': '1432.2222222222222', 'mY1': '410.0'}
     - SMBG=0.9999737262621771 
     - EXP=0.9999999999731615 
     - HLEXP=1 

INFO - No match found in the Contur Model database for the model in /unix/cedar/junyingwu/contur_compare/dissertation_runs/observable_isolated_20260803T004228+0100/runs/unprofiled_1_modified/RunInfo.
       If you want this to be added, copy the sources files into the contur Models area and remake.
INFO - No run block in /unix/cedar/junyingwu/contur_compare/grid_snapshot/param_file.dat. Will use environment variables
INFO - Writing summary for grid mode into database: /unix/cedar/junyingwu/contur_compare/dissertation_runs/observable_isolated_20260803T004228+0100/runs/unprofiled_1_modified/./ANALYSIS/contur_run.db
INFO - Writing runpoint 0018 to database
INFO - Run point 0018 written to /unix/cedar/junyingwu/contur_compare/dissertation_runs/observable_isolated_20260803T004228+0100/runs/unprofiled_1_modified/./ANALYSIS/contur_run.db
INFO - Found 1833 potentially valid histograms in /unix/cedar/junyingwu/contur_compare/grid_snapshot/13TeV/0019/runpoint_0019.yoda.gz
INFO - Cross section 1477.044 pb, 200.0 generated events
INFO - Found 13 potentially valid histograms in /unix/cedar/junyingwu/contur_compare/grid_snapshot/7TeV/0019/runpoint_0019.yoda.gz
INFO - Cross section 550.6401 pb, 200.0 generated events
INFO - Found 456 potentially valid histograms in /unix/cedar/junyingwu/contur_compare/grid_snapshot/8TeV/0019/runpoint_0019.yoda.gz
INFO - Cross section 682.7515 pb, 200.0 generated events
INFO - Processed ConturPoint 0019, with parameter values: {'gAXd': '1.0', 'gAq': '0.25', 'gVXd': '1.0', 'gVl': '0.25', 'gVq': '0.25', 'mXd': '1610.0', 'mY1': '410.0'}
     - SMBG=0.999148638985281 
     - EXP=0.9999997927099951 
     - HLEXP=1 

INFO - No match found in the Contur Model database for the model in /unix/cedar/junyingwu/contur_compare/dissertation_runs/observable_isolated_20260803T004228+0100/runs/unprofiled_1_modified/RunInfo.
       If you want this to be added, copy the sources files into the contur Models area and remake.
INFO - No run block in /unix/cedar/junyingwu/contur_compare/grid_snapshot/param_file.dat. Will use environment variables
INFO - Writing summary for grid mode into database: /unix/cedar/junyingwu/contur_compare/dissertation_runs/observable_isolated_20260803T004228+0100/runs/unprofiled_1_modified/./ANALYSIS/contur_run.db
INFO - Writing runpoint 0019 to database
INFO - Run point 0019 written to /unix/cedar/junyingwu/contur_compare/dissertation_runs/observable_isolated_20260803T004228+0100/runs/unprofiled_1_modified/./ANALYSIS/contur_run.db
INFO - Found 1833 potentially valid histograms in /unix/cedar/junyingwu/contur_compare/grid_snapshot/13TeV/0020/runpoint_0020.yoda.gz
INFO - Cross section 148.0359 pb, 200.0 generated events
INFO - Found 13 potentially valid histograms in /unix/cedar/junyingwu/contur_compare/grid_snapshot/7TeV/0020/runpoint_0020.yoda.gz
INFO - Cross section 43.90821 pb, 200.0 generated events
INFO - Found 456 potentially valid histograms in /unix/cedar/junyingwu/contur_compare/grid_snapshot/8TeV/0020/runpoint_0020.yoda.gz
INFO - Cross section 57.40343 pb, 200.0 generated events
INFO - Processed ConturPoint 0020, with parameter values: {'gAXd': '1.0', 'gAq': '0.25', 'gVXd': '1.0', 'gVl': '0.25', 'gVq': '0.25', 'mXd': '10.0', 'mY1': '810.0'}
     - SMBG=0.9999988502205379 
     - EXP=0.9999999999593229 
     - HLEXP=1 

INFO - No match found in the Contur Model database for the model in /unix/cedar/junyingwu/contur_compare/dissertation_runs/observable_isolated_20260803T004228+0100/runs/unprofiled_1_modified/RunInfo.
       If you want this to be added, copy the sources files into the contur Models area and remake.
INFO - No run block in /unix/cedar/junyingwu/contur_compare/grid_snapshot/param_file.dat. Will use environment variables
INFO - Writing summary for grid mode into database: /unix/cedar/junyingwu/contur_compare/dissertation_runs/observable_isolated_20260803T004228+0100/runs/unprofiled_1_modified/./ANALYSIS/contur_run.db
INFO - Writing runpoint 0020 to database
INFO - Run point 0020 written to /unix/cedar/junyingwu/contur_compare/dissertation_runs/observable_isolated_20260803T004228+0100/runs/unprofiled_1_modified/./ANALYSIS/contur_run.db
INFO - Found 1833 potentially valid histograms in /unix/cedar/junyingwu/contur_compare/grid_snapshot/13TeV/0021/runpoint_0021.yoda.gz
INFO - Cross section 148.6557 pb, 200.0 generated events
INFO - Found 13 potentially valid histograms in /unix/cedar/junyingwu/contur_compare/grid_snapshot/7TeV/0021/runpoint_0021.yoda.gz
INFO - Cross section 39.83152 pb, 200.0 generated events
INFO - Found 456 potentially valid histograms in /unix/cedar/junyingwu/contur_compare/grid_snapshot/8TeV/0021/runpoint_0021.yoda.gz
INFO - Cross section 57.32148 pb, 200.0 generated events
INFO - Processed ConturPoint 0021, with parameter values: {'gAXd': '1.0', 'gAq': '0.25', 'gVXd': '1.0', 'gVl': '0.25', 'gVq': '0.25', 'mXd': '187.77777777777777', 'mY1': '810.0'}
     - SMBG=0.9999998213127378 
     - EXP=0.999999999992164 
     - HLEXP=1 

INFO - No match found in the Contur Model database for the model in /unix/cedar/junyingwu/contur_compare/dissertation_runs/observable_isolated_20260803T004228+0100/runs/unprofiled_1_modified/RunInfo.
       If you want this to be added, copy the sources files into the contur Models area and remake.
INFO - No run block in /unix/cedar/junyingwu/contur_compare/grid_snapshot/param_file.dat. Will use environment variables
INFO - Writing summary for grid mode into database: /unix/cedar/junyingwu/contur_compare/dissertation_runs/observable_isolated_20260803T004228+0100/runs/unprofiled_1_modified/./ANALYSIS/contur_run.db
INFO - Writing runpoint 0021 to database
INFO - Run point 0021 written to /unix/cedar/junyingwu/contur_compare/dissertation_runs/observable_isolated_20260803T004228+0100/runs/unprofiled_1_modified/./ANALYSIS/contur_run.db
INFO - Found 1833 potentially valid histograms in /unix/cedar/junyingwu/contur_compare/grid_snapshot/13TeV/0022/runpoint_0022.yoda.gz
INFO - Cross section 146.7213 pb, 200.0 generated events
INFO - Found 13 potentially valid histograms in /unix/cedar/junyingwu/contur_compare/grid_snapshot/7TeV/0022/runpoint_0022.yoda.gz
INFO - Cross section 38.5358 pb, 200.0 generated events
INFO - Found 456 potentially valid histograms in /unix/cedar/junyingwu/contur_compare/grid_snapshot/8TeV/0022/runpoint_0022.yoda.gz
INFO - Cross section 52.48763 pb, 200.0 generated events
INFO - Processed ConturPoint 0022, with parameter values: {'gAXd': '1.0', 'gAq': '0.25', 'gVXd': '1.0', 'gVl': '0.25', 'gVq': '0.25', 'mXd': '365.55555555555554', 'mY1': '810.0'}
     - SMBG=0.9999999740067658 
     - EXP=0.9999999999985415 
     - HLEXP=1 

INFO - No match found in the Contur Model database for the model in /unix/cedar/junyingwu/contur_compare/dissertation_runs/observable_isolated_20260803T004228+0100/runs/unprofiled_1_modified/RunInfo.
       If you want this to be added, copy the sources files into the contur Models area and remake.
INFO - No run block in /unix/cedar/junyingwu/contur_compare/grid_snapshot/param_file.dat. Will use environment variables
INFO - Writing summary for grid mode into database: /unix/cedar/junyingwu/contur_compare/dissertation_runs/observable_isolated_20260803T004228+0100/runs/unprofiled_1_modified/./ANALYSIS/contur_run.db
INFO - Writing runpoint 0022 to database
INFO - Run point 0022 written to /unix/cedar/junyingwu/contur_compare/dissertation_runs/observable_isolated_20260803T004228+0100/runs/unprofiled_1_modified/./ANALYSIS/contur_run.db
INFO - Found 1833 potentially valid histograms in /unix/cedar/junyingwu/contur_compare/grid_snapshot/13TeV/0023/runpoint_0023.yoda.gz
INFO - Cross section 145.0778 pb, 200.0 generated events
INFO - Found 13 potentially valid histograms in /unix/cedar/junyingwu/contur_compare/grid_snapshot/7TeV/0023/runpoint_0023.yoda.gz
INFO - Cross section 38.41124 pb, 200.0 generated events
INFO - Found 456 potentially valid histograms in /unix/cedar/junyingwu/contur_compare/grid_snapshot/8TeV/0023/runpoint_0023.yoda.gz
INFO - Cross section 50.97591 pb, 200.0 generated events
INFO - Processed ConturPoint 0023, with parameter values: {'gAXd': '1.0', 'gAq': '0.25', 'gVXd': '1.0', 'gVl': '0.25', 'gVq': '0.25', 'mXd': '543.3333333333333', 'mY1': '810.0'}
     - SMBG=0.9999999532605591 
     - EXP=0.9999999999990198 
     - HLEXP=1 

INFO - No match found in the Contur Model database for the model in /unix/cedar/junyingwu/contur_compare/dissertation_runs/observable_isolated_20260803T004228+0100/runs/unprofiled_1_modified/RunInfo.
       If you want this to be added, copy the sources files into the contur Models area and remake.
INFO - No run block in /unix/cedar/junyingwu/contur_compare/grid_snapshot/param_file.dat. Will use environment variables
INFO - Writing summary for grid mode into database: /unix/cedar/junyingwu/contur_compare/dissertation_runs/observable_isolated_20260803T004228+0100/runs/unprofiled_1_modified/./ANALYSIS/contur_run.db
INFO - Writing runpoint 0023 to database
INFO - Run point 0023 written to /unix/cedar/junyingwu/contur_compare/dissertation_runs/observable_isolated_20260803T004228+0100/runs/unprofiled_1_modified/./ANALYSIS/contur_run.db
INFO - Found 1833 potentially valid histograms in /unix/cedar/junyingwu/contur_compare/grid_snapshot/13TeV/0024/runpoint_0024.yoda.gz
INFO - Cross section 144.1227 pb, 200.0 generated events
INFO - Found 13 potentially valid histograms in /unix/cedar/junyingwu/contur_compare/grid_snapshot/7TeV/0024/runpoint_0024.yoda.gz
INFO - Cross section 37.37238 pb, 200.0 generated events
INFO - Found 456 potentially valid histograms in /unix/cedar/junyingwu/contur_compare/grid_snapshot/8TeV/0024/runpoint_0024.yoda.gz
INFO - Cross section 53.73128 pb, 200.0 generated events
INFO - Processed ConturPoint 0024, with parameter values: {'gAXd': '1.0', 'gAq': '0.25', 'gVXd': '1.0', 'gVl': '0.25', 'gVq': '0.25', 'mXd': '721.1111111111111', 'mY1': '810.0'}
     - SMBG=0.9999998077701565 
     - EXP=0.9999999999957176 
     - HLEXP=1 

INFO - No match found in the Contur Model database for the model in /unix/cedar/junyingwu/contur_compare/dissertation_runs/observable_isolated_20260803T004228+0100/runs/unprofiled_1_modified/RunInfo.
       If you want this to be added, copy the sources files into the contur Models area and remake.
INFO - No run block in /unix/cedar/junyingwu/contur_compare/grid_snapshot/param_file.dat. Will use environment variables
INFO - Writing summary for grid mode into database: /unix/cedar/junyingwu/contur_compare/dissertation_runs/observable_isolated_20260803T004228+0100/runs/unprofiled_1_modified/./ANALYSIS/contur_run.db
INFO - Writing runpoint 0024 to database
INFO - Run point 0024 written to /unix/cedar/junyingwu/contur_compare/dissertation_runs/observable_isolated_20260803T004228+0100/runs/unprofiled_1_modified/./ANALYSIS/contur_run.db
INFO - Found 1833 potentially valid histograms in /unix/cedar/junyingwu/contur_compare/grid_snapshot/13TeV/0025/runpoint_0025.yoda.gz
INFO - Cross section 150.5989 pb, 200.0 generated events
INFO - Found 13 potentially valid histograms in /unix/cedar/junyingwu/contur_compare/grid_snapshot/7TeV/0025/runpoint_0025.yoda.gz
INFO - Cross section 36.35808 pb, 200.0 generated events
INFO - Found 456 potentially valid histograms in /unix/cedar/junyingwu/contur_compare/grid_snapshot/8TeV/0025/runpoint_0025.yoda.gz
INFO - Cross section 54.42041 pb, 200.0 generated events
INFO - Processed ConturPoint 0025, with parameter values: {'gAXd': '1.0', 'gAq': '0.25', 'gVXd': '1.0', 'gVl': '0.25', 'gVq': '0.25', 'mXd': '898.8888888888889', 'mY1': '810.0'}
     - SMBG=0.9999998963552119 
     - EXP=0.9999999999998731 
     - HLEXP=1 

INFO - No match found in the Contur Model database for the model in /unix/cedar/junyingwu/contur_compare/dissertation_runs/observable_isolated_20260803T004228+0100/runs/unprofiled_1_modified/RunInfo.
       If you want this to be added, copy the sources files into the contur Models area and remake.
INFO - No run block in /unix/cedar/junyingwu/contur_compare/grid_snapshot/param_file.dat. Will use environment variables
INFO - Writing summary for grid mode into database: /unix/cedar/junyingwu/contur_compare/dissertation_runs/observable_isolated_20260803T004228+0100/runs/unprofiled_1_modified/./ANALYSIS/contur_run.db
INFO - Writing runpoint 0025 to database
INFO - Run point 0025 written to /unix/cedar/junyingwu/contur_compare/dissertation_runs/observable_isolated_20260803T004228+0100/runs/unprofiled_1_modified/./ANALYSIS/contur_run.db
INFO - Found 1833 potentially valid histograms in /unix/cedar/junyingwu/contur_compare/grid_snapshot/13TeV/0026/runpoint_0026.yoda.gz
INFO - Cross section 149.2692 pb, 200.0 generated events
INFO - Found 13 potentially valid histograms in /unix/cedar/junyingwu/contur_compare/grid_snapshot/7TeV/0026/runpoint_0026.yoda.gz
INFO - Cross section 40.38033 pb, 200.0 generated events
INFO - Found 456 potentially valid histograms in /unix/cedar/junyingwu/contur_compare/grid_snapshot/8TeV/0026/runpoint_0026.yoda.gz
INFO - Cross section 54.67218 pb, 200.0 generated events
INFO - Processed ConturPoint 0026, with parameter values: {'gAXd': '1.0', 'gAq': '0.25', 'gVXd': '1.0', 'gVl': '0.25', 'gVq': '0.25', 'mXd': '1076.6666666666665', 'mY1': '810.0'}
     - SMBG=0.9999999157613062 
     - EXP=0.9999999996686754 
     - HLEXP=1 

INFO - No match found in the Contur Model database for the model in /unix/cedar/junyingwu/contur_compare/dissertation_runs/observable_isolated_20260803T004228+0100/runs/unprofiled_1_modified/RunInfo.
       If you want this to be added, copy the sources files into the contur Models area and remake.
INFO - No run block in /unix/cedar/junyingwu/contur_compare/grid_snapshot/param_file.dat. Will use environment variables
INFO - Writing summary for grid mode into database: /unix/cedar/junyingwu/contur_compare/dissertation_runs/observable_isolated_20260803T004228+0100/runs/unprofiled_1_modified/./ANALYSIS/contur_run.db
INFO - Writing runpoint 0026 to database
INFO - Run point 0026 written to /unix/cedar/junyingwu/contur_compare/dissertation_runs/observable_isolated_20260803T004228+0100/runs/unprofiled_1_modified/./ANALYSIS/contur_run.db
INFO - Found 1833 potentially valid histograms in /unix/cedar/junyingwu/contur_compare/grid_snapshot/13TeV/0027/runpoint_0027.yoda.gz
INFO - Cross section 139.4604 pb, 200.0 generated events
INFO - Found 13 potentially valid histograms in /unix/cedar/junyingwu/contur_compare/grid_snapshot/7TeV/0027/runpoint_0027.yoda.gz
INFO - Cross section 37.54562 pb, 200.0 generated events
INFO - Found 456 potentially valid histograms in /unix/cedar/junyingwu/contur_compare/grid_snapshot/8TeV/0027/runpoint_0027.yoda.gz
INFO - Cross section 52.84606 pb, 200.0 generated events
INFO - Processed ConturPoint 0027, with parameter values: {'gAXd': '1.0', 'gAq': '0.25', 'gVXd': '1.0', 'gVl': '0.25', 'gVq': '0.25', 'mXd': '1254.4444444444443', 'mY1': '810.0'}
     - SMBG=0.9999998644556554 
     - EXP=0.9999999994845792 
     - HLEXP=1 

INFO - No match found in the Contur Model database for the model in /unix/cedar/junyingwu/contur_compare/dissertation_runs/observable_isolated_20260803T004228+0100/runs/unprofiled_1_modified/RunInfo.
       If you want this to be added, copy the sources files into the contur Models area and remake.
INFO - No run block in /unix/cedar/junyingwu/contur_compare/grid_snapshot/param_file.dat. Will use environment variables
INFO - Writing summary for grid mode into database: /unix/cedar/junyingwu/contur_compare/dissertation_runs/observable_isolated_20260803T004228+0100/runs/unprofiled_1_modified/./ANALYSIS/contur_run.db
INFO - Writing runpoint 0027 to database
INFO - Run point 0027 written to /unix/cedar/junyingwu/contur_compare/dissertation_runs/observable_isolated_20260803T004228+0100/runs/unprofiled_1_modified/./ANALYSIS/contur_run.db
INFO - Found 1833 potentially valid histograms in /unix/cedar/junyingwu/contur_compare/grid_snapshot/13TeV/0028/runpoint_0028.yoda.gz
INFO - Cross section 152.0423 pb, 200.0 generated events
INFO - Found 13 potentially valid histograms in /unix/cedar/junyingwu/contur_compare/grid_snapshot/7TeV/0028/runpoint_0028.yoda.gz
INFO - Cross section 38.44407 pb, 200.0 generated events
INFO - Found 456 potentially valid histograms in /unix/cedar/junyingwu/contur_compare/grid_snapshot/8TeV/0028/runpoint_0028.yoda.gz
INFO - Cross section 51.37556 pb, 200.0 generated events
INFO - Processed ConturPoint 0028, with parameter values: {'gAXd': '1.0', 'gAq': '0.25', 'gVXd': '1.0', 'gVl': '0.25', 'gVq': '0.25', 'mXd': '1432.2222222222222', 'mY1': '810.0'}
     - SMBG=0.9999942848988727 
     - EXP=0.999999998062588 
     - HLEXP=1 

INFO - No match found in the Contur Model database for the model in /unix/cedar/junyingwu/contur_compare/dissertation_runs/observable_isolated_20260803T004228+0100/runs/unprofiled_1_modified/RunInfo.
       If you want this to be added, copy the sources files into the contur Models area and remake.
INFO - No run block in /unix/cedar/junyingwu/contur_compare/grid_snapshot/param_file.dat. Will use environment variables
INFO - Writing summary for grid mode into database: /unix/cedar/junyingwu/contur_compare/dissertation_runs/observable_isolated_20260803T004228+0100/runs/unprofiled_1_modified/./ANALYSIS/contur_run.db
INFO - Writing runpoint 0028 to database
INFO - Run point 0028 written to /unix/cedar/junyingwu/contur_compare/dissertation_runs/observable_isolated_20260803T004228+0100/runs/unprofiled_1_modified/./ANALYSIS/contur_run.db
INFO - Found 1833 potentially valid histograms in /unix/cedar/junyingwu/contur_compare/grid_snapshot/13TeV/0029/runpoint_0029.yoda.gz
INFO - Cross section 139.3777 pb, 200.0 generated events
INFO - Found 13 potentially valid histograms in /unix/cedar/junyingwu/contur_compare/grid_snapshot/7TeV/0029/runpoint_0029.yoda.gz
INFO - Cross section 38.28788 pb, 200.0 generated events
INFO - Found 456 potentially valid histograms in /unix/cedar/junyingwu/contur_compare/grid_snapshot/8TeV/0029/runpoint_0029.yoda.gz
INFO - Cross section 52.07249 pb, 200.0 generated events
INFO - Processed ConturPoint 0029, with parameter values: {'gAXd': '1.0', 'gAq': '0.25', 'gVXd': '1.0', 'gVl': '0.25', 'gVq': '0.25', 'mXd': '1610.0', 'mY1': '810.0'}
     - SMBG=0.9999999719576519 
     - EXP=0.9999999999879791 
     - HLEXP=1 

INFO - No match found in the Contur Model database for the model in /unix/cedar/junyingwu/contur_compare/dissertation_runs/observable_isolated_20260803T004228+0100/runs/unprofiled_1_modified/RunInfo.
       If you want this to be added, copy the sources files into the contur Models area and remake.
INFO - No run block in /unix/cedar/junyingwu/contur_compare/grid_snapshot/param_file.dat. Will use environment variables
INFO - Writing summary for grid mode into database: /unix/cedar/junyingwu/contur_compare/dissertation_runs/observable_isolated_20260803T004228+0100/runs/unprofiled_1_modified/./ANALYSIS/contur_run.db
INFO - Writing runpoint 0029 to database
INFO - Run point 0029 written to /unix/cedar/junyingwu/contur_compare/dissertation_runs/observable_isolated_20260803T004228+0100/runs/unprofiled_1_modified/./ANALYSIS/contur_run.db
INFO - Found 1833 potentially valid histograms in /unix/cedar/junyingwu/contur_compare/grid_snapshot/13TeV/0030/runpoint_0030.yoda.gz
INFO - Cross section 34.76562 pb, 200.0 generated events
INFO - Found 13 potentially valid histograms in /unix/cedar/junyingwu/contur_compare/grid_snapshot/7TeV/0030/runpoint_0030.yoda.gz
INFO - Cross section 6.405744 pb, 200.0 generated events
INFO - Found 456 potentially valid histograms in /unix/cedar/junyingwu/contur_compare/grid_snapshot/8TeV/0030/runpoint_0030.yoda.gz
INFO - Cross section 9.504774 pb, 200.0 generated events
INFO - Processed ConturPoint 0030, with parameter values: {'gAXd': '1.0', 'gAq': '0.25', 'gVXd': '1.0', 'gVl': '0.25', 'gVq': '0.25', 'mXd': '10.0', 'mY1': '1210.0'}
     - SMBG=0.9999997336758282 
     - EXP=0.9999999986352361 
     - HLEXP=1 

INFO - No match found in the Contur Model database for the model in /unix/cedar/junyingwu/contur_compare/dissertation_runs/observable_isolated_20260803T004228+0100/runs/unprofiled_1_modified/RunInfo.
       If you want this to be added, copy the sources files into the contur Models area and remake.
INFO - No run block in /unix/cedar/junyingwu/contur_compare/grid_snapshot/param_file.dat. Will use environment variables
INFO - Writing summary for grid mode into database: /unix/cedar/junyingwu/contur_compare/dissertation_runs/observable_isolated_20260803T004228+0100/runs/unprofiled_1_modified/./ANALYSIS/contur_run.db
INFO - Writing runpoint 0030 to database
INFO - Run point 0030 written to /unix/cedar/junyingwu/contur_compare/dissertation_runs/observable_isolated_20260803T004228+0100/runs/unprofiled_1_modified/./ANALYSIS/contur_run.db
INFO - Found 1833 potentially valid histograms in /unix/cedar/junyingwu/contur_compare/grid_snapshot/13TeV/0031/runpoint_0031.yoda.gz
INFO - Cross section 31.70718 pb, 200.0 generated events
INFO - Found 13 potentially valid histograms in /unix/cedar/junyingwu/contur_compare/grid_snapshot/7TeV/0031/runpoint_0031.yoda.gz
INFO - Cross section 5.871136 pb, 200.0 generated events
INFO - Found 456 potentially valid histograms in /unix/cedar/junyingwu/contur_compare/grid_snapshot/8TeV/0031/runpoint_0031.yoda.gz
INFO - Cross section 9.300874 pb, 200.0 generated events
INFO - Processed ConturPoint 0031, with parameter values: {'gAXd': '1.0', 'gAq': '0.25', 'gVXd': '1.0', 'gVl': '0.25', 'gVq': '0.25', 'mXd': '187.77777777777777', 'mY1': '1210.0'}
     - SMBG=0.9999999424484397 
     - EXP=0.9999999999204189 
     - HLEXP=1 

INFO - No match found in the Contur Model database for the model in /unix/cedar/junyingwu/contur_compare/dissertation_runs/observable_isolated_20260803T004228+0100/runs/unprofiled_1_modified/RunInfo.
       If you want this to be added, copy the sources files into the contur Models area and remake.
INFO - No run block in /unix/cedar/junyingwu/contur_compare/grid_snapshot/param_file.dat. Will use environment variables
INFO - Writing summary for grid mode into database: /unix/cedar/junyingwu/contur_compare/dissertation_runs/observable_isolated_20260803T004228+0100/runs/unprofiled_1_modified/./ANALYSIS/contur_run.db
INFO - Writing runpoint 0031 to database
INFO - Run point 0031 written to /unix/cedar/junyingwu/contur_compare/dissertation_runs/observable_isolated_20260803T004228+0100/runs/unprofiled_1_modified/./ANALYSIS/contur_run.db
INFO - Found 1833 potentially valid histograms in /unix/cedar/junyingwu/contur_compare/grid_snapshot/13TeV/0032/runpoint_0032.yoda.gz
INFO - Cross section 29.75224 pb, 200.0 generated events
INFO - Found 13 potentially valid histograms in /unix/cedar/junyingwu/contur_compare/grid_snapshot/7TeV/0032/runpoint_0032.yoda.gz
INFO - Cross section 5.889541 pb, 200.0 generated events
INFO - Found 456 potentially valid histograms in /unix/cedar/junyingwu/contur_compare/grid_snapshot/8TeV/0032/runpoint_0032.yoda.gz
INFO - Cross section 9.089031 pb, 200.0 generated events
INFO - Processed ConturPoint 0032, with parameter values: {'gAXd': '1.0', 'gAq': '0.25', 'gVXd': '1.0', 'gVl': '0.25', 'gVq': '0.25', 'mXd': '365.55555555555554', 'mY1': '1210.0'}
     - SMBG=0.9999010730802734 
     - EXP=0.9999999207093505 
     - HLEXP=1 

INFO - No match found in the Contur Model database for the model in /unix/cedar/junyingwu/contur_compare/dissertation_runs/observable_isolated_20260803T004228+0100/runs/unprofiled_1_modified/RunInfo.
       If you want this to be added, copy the sources files into the contur Models area and remake.
INFO - No run block in /unix/cedar/junyingwu/contur_compare/grid_snapshot/param_file.dat. Will use environment variables
INFO - Writing summary for grid mode into database: /unix/cedar/junyingwu/contur_compare/dissertation_runs/observable_isolated_20260803T004228+0100/runs/unprofiled_1_modified/./ANALYSIS/contur_run.db
INFO - Writing runpoint 0032 to database
INFO - Run point 0032 written to /unix/cedar/junyingwu/contur_compare/dissertation_runs/observable_isolated_20260803T004228+0100/runs/unprofiled_1_modified/./ANALYSIS/contur_run.db
INFO - Found 1833 potentially valid histograms in /unix/cedar/junyingwu/contur_compare/grid_snapshot/13TeV/0033/runpoint_0033.yoda.gz
INFO - Cross section 31.41587 pb, 200.0 generated events
INFO - Found 13 potentially valid histograms in /unix/cedar/junyingwu/contur_compare/grid_snapshot/7TeV/0033/runpoint_0033.yoda.gz
INFO - Cross section 5.887386 pb, 200.0 generated events
INFO - Found 456 potentially valid histograms in /unix/cedar/junyingwu/contur_compare/grid_snapshot/8TeV/0033/runpoint_0033.yoda.gz
INFO - Cross section 8.683138 pb, 200.0 generated events
INFO - Processed ConturPoint 0033, with parameter values: {'gAXd': '1.0', 'gAq': '0.25', 'gVXd': '1.0', 'gVl': '0.25', 'gVq': '0.25', 'mXd': '543.3333333333333', 'mY1': '1210.0'}
     - SMBG=0.9999989729587466 
     - EXP=0.9999999962166379 
     - HLEXP=1 

INFO - No match found in the Contur Model database for the model in /unix/cedar/junyingwu/contur_compare/dissertation_runs/observable_isolated_20260803T004228+0100/runs/unprofiled_1_modified/RunInfo.
       If you want this to be added, copy the sources files into the contur Models area and remake.
INFO - No run block in /unix/cedar/junyingwu/contur_compare/grid_snapshot/param_file.dat. Will use environment variables
INFO - Writing summary for grid mode into database: /unix/cedar/junyingwu/contur_compare/dissertation_runs/observable_isolated_20260803T004228+0100/runs/unprofiled_1_modified/./ANALYSIS/contur_run.db
INFO - Writing runpoint 0033 to database
INFO - Run point 0033 written to /unix/cedar/junyingwu/contur_compare/dissertation_runs/observable_isolated_20260803T004228+0100/runs/unprofiled_1_modified/./ANALYSIS/contur_run.db
INFO - Found 1833 potentially valid histograms in /unix/cedar/junyingwu/contur_compare/grid_snapshot/13TeV/0034/runpoint_0034.yoda.gz
INFO - Cross section 30.91808 pb, 200.0 generated events
INFO - Found 13 potentially valid histograms in /unix/cedar/junyingwu/contur_compare/grid_snapshot/7TeV/0034/runpoint_0034.yoda.gz
INFO - Cross section 5.589322 pb, 200.0 generated events
INFO - Found 456 potentially valid histograms in /unix/cedar/junyingwu/contur_compare/grid_snapshot/8TeV/0034/runpoint_0034.yoda.gz
INFO - Cross section 9.208206 pb, 200.0 generated events
INFO - Processed ConturPoint 0034, with parameter values: {'gAXd': '1.0', 'gAq': '0.25', 'gVXd': '1.0', 'gVl': '0.25', 'gVq': '0.25', 'mXd': '721.1111111111111', 'mY1': '1210.0'}
     - SMBG=0.9999965886159621 
     - EXP=0.9999999976342409 
     - HLEXP=1 

INFO - No match found in the Contur Model database for the model in /unix/cedar/junyingwu/contur_compare/dissertation_runs/observable_isolated_20260803T004228+0100/runs/unprofiled_1_modified/RunInfo.
       If you want this to be added, copy the sources files into the contur Models area and remake.
INFO - No run block in /unix/cedar/junyingwu/contur_compare/grid_snapshot/param_file.dat. Will use environment variables
INFO - Writing summary for grid mode into database: /unix/cedar/junyingwu/contur_compare/dissertation_runs/observable_isolated_20260803T004228+0100/runs/unprofiled_1_modified/./ANALYSIS/contur_run.db
INFO - Writing runpoint 0034 to database
INFO - Run point 0034 written to /unix/cedar/junyingwu/contur_compare/dissertation_runs/observable_isolated_20260803T004228+0100/runs/unprofiled_1_modified/./ANALYSIS/contur_run.db
INFO - Found 1833 potentially valid histograms in /unix/cedar/junyingwu/contur_compare/grid_snapshot/13TeV/0035/runpoint_0035.yoda.gz
INFO - Cross section 31.1683 pb, 200.0 generated events
INFO - Found 13 potentially valid histograms in /unix/cedar/junyingwu/contur_compare/grid_snapshot/7TeV/0035/runpoint_0035.yoda.gz
INFO - Cross section 5.456918 pb, 200.0 generated events
INFO - Found 456 potentially valid histograms in /unix/cedar/junyingwu/contur_compare/grid_snapshot/8TeV/0035/runpoint_0035.yoda.gz
INFO - Cross section 8.216776 pb, 200.0 generated events
INFO - Processed ConturPoint 0035, with parameter values: {'gAXd': '1.0', 'gAq': '0.25', 'gVXd': '1.0', 'gVl': '0.25', 'gVq': '0.25', 'mXd': '898.8888888888889', 'mY1': '1210.0'}
     - SMBG=0.9999999995925298 
     - EXP=0.9999999999982145 
     - HLEXP=1 

INFO - No match found in the Contur Model database for the model in /unix/cedar/junyingwu/contur_compare/dissertation_runs/observable_isolated_20260803T004228+0100/runs/unprofiled_1_modified/RunInfo.
       If you want this to be added, copy the sources files into the contur Models area and remake.
INFO - No run block in /unix/cedar/junyingwu/contur_compare/grid_snapshot/param_file.dat. Will use environment variables
INFO - Writing summary for grid mode into database: /unix/cedar/junyingwu/contur_compare/dissertation_runs/observable_isolated_20260803T004228+0100/runs/unprofiled_1_modified/./ANALYSIS/contur_run.db
INFO - Writing runpoint 0035 to database
INFO - Run point 0035 written to /unix/cedar/junyingwu/contur_compare/dissertation_runs/observable_isolated_20260803T004228+0100/runs/unprofiled_1_modified/./ANALYSIS/contur_run.db
INFO - Found 1833 potentially valid histograms in /unix/cedar/junyingwu/contur_compare/grid_snapshot/13TeV/0036/runpoint_0036.yoda.gz
INFO - Cross section 32.35977 pb, 200.0 generated events
INFO - Found 13 potentially valid histograms in /unix/cedar/junyingwu/contur_compare/grid_snapshot/7TeV/0036/runpoint_0036.yoda.gz
INFO - Cross section 5.435818 pb, 200.0 generated events
INFO - Found 456 potentially valid histograms in /unix/cedar/junyingwu/contur_compare/grid_snapshot/8TeV/0036/runpoint_0036.yoda.gz
INFO - Cross section 8.971693 pb, 200.0 generated events
INFO - Processed ConturPoint 0036, with parameter values: {'gAXd': '1.0', 'gAq': '0.25', 'gVXd': '1.0', 'gVl': '0.25', 'gVq': '0.25', 'mXd': '1076.6666666666665', 'mY1': '1210.0'}
     - SMBG=0.999999999962007 
     - EXP=0.9999999999998173 
     - HLEXP=1 

INFO - No match found in the Contur Model database for the model in /unix/cedar/junyingwu/contur_compare/dissertation_runs/observable_isolated_20260803T004228+0100/runs/unprofiled_1_modified/RunInfo.
       If you want this to be added, copy the sources files into the contur Models area and remake.
INFO - No run block in /unix/cedar/junyingwu/contur_compare/grid_snapshot/param_file.dat. Will use environment variables
INFO - Writing summary for grid mode into database: /unix/cedar/junyingwu/contur_compare/dissertation_runs/observable_isolated_20260803T004228+0100/runs/unprofiled_1_modified/./ANALYSIS/contur_run.db
INFO - Writing runpoint 0036 to database
INFO - Run point 0036 written to /unix/cedar/junyingwu/contur_compare/dissertation_runs/observable_isolated_20260803T004228+0100/runs/unprofiled_1_modified/./ANALYSIS/contur_run.db
INFO - Found 1833 potentially valid histograms in /unix/cedar/junyingwu/contur_compare/grid_snapshot/13TeV/0037/runpoint_0037.yoda.gz
INFO - Cross section 31.11842 pb, 200.0 generated events
INFO - Found 13 potentially valid histograms in /unix/cedar/junyingwu/contur_compare/grid_snapshot/7TeV/0037/runpoint_0037.yoda.gz
INFO - Cross section 5.662476 pb, 200.0 generated events
INFO - Found 456 potentially valid histograms in /unix/cedar/junyingwu/contur_compare/grid_snapshot/8TeV/0037/runpoint_0037.yoda.gz
INFO - Cross section 8.898768 pb, 200.0 generated events
INFO - Processed ConturPoint 0037, with parameter values: {'gAXd': '1.0', 'gAq': '0.25', 'gVXd': '1.0', 'gVl': '0.25', 'gVq': '0.25', 'mXd': '1254.4444444444443', 'mY1': '1210.0'}
     - SMBG=0.9999999436156553 
     - EXP=0.9999999999973354 
     - HLEXP=1 

INFO - No match found in the Contur Model database for the model in /unix/cedar/junyingwu/contur_compare/dissertation_runs/observable_isolated_20260803T004228+0100/runs/unprofiled_1_modified/RunInfo.
       If you want this to be added, copy the sources files into the contur Models area and remake.
INFO - No run block in /unix/cedar/junyingwu/contur_compare/grid_snapshot/param_file.dat. Will use environment variables
INFO - Writing summary for grid mode into database: /unix/cedar/junyingwu/contur_compare/dissertation_runs/observable_isolated_20260803T004228+0100/runs/unprofiled_1_modified/./ANALYSIS/contur_run.db
INFO - Writing runpoint 0037 to database
INFO - Run point 0037 written to /unix/cedar/junyingwu/contur_compare/dissertation_runs/observable_isolated_20260803T004228+0100/runs/unprofiled_1_modified/./ANALYSIS/contur_run.db
INFO - Found 1833 potentially valid histograms in /unix/cedar/junyingwu/contur_compare/grid_snapshot/13TeV/0038/runpoint_0038.yoda.gz
INFO - Cross section 31.35717 pb, 200.0 generated events
INFO - Found 13 potentially valid histograms in /unix/cedar/junyingwu/contur_compare/grid_snapshot/7TeV/0038/runpoint_0038.yoda.gz
INFO - Cross section 5.829261 pb, 200.0 generated events
INFO - Found 456 potentially valid histograms in /unix/cedar/junyingwu/contur_compare/grid_snapshot/8TeV/0038/runpoint_0038.yoda.gz
INFO - Cross section 8.921693 pb, 200.0 generated events
INFO - Processed ConturPoint 0038, with parameter values: {'gAXd': '1.0', 'gAq': '0.25', 'gVXd': '1.0', 'gVl': '0.25', 'gVq': '0.25', 'mXd': '1432.2222222222222', 'mY1': '1210.0'}
     - SMBG=0.9999999997659582 
     - EXP=0.9999999999977687 
     - HLEXP=1 

INFO - No match found in the Contur Model database for the model in /unix/cedar/junyingwu/contur_compare/dissertation_runs/observable_isolated_20260803T004228+0100/runs/unprofiled_1_modified/RunInfo.
       If you want this to be added, copy the sources files into the contur Models area and remake.
INFO - No run block in /unix/cedar/junyingwu/contur_compare/grid_snapshot/param_file.dat. Will use environment variables
INFO - Writing summary for grid mode into database: /unix/cedar/junyingwu/contur_compare/dissertation_runs/observable_isolated_20260803T004228+0100/runs/unprofiled_1_modified/./ANALYSIS/contur_run.db
INFO - Writing runpoint 0038 to database
INFO - Run point 0038 written to /unix/cedar/junyingwu/contur_compare/dissertation_runs/observable_isolated_20260803T004228+0100/runs/unprofiled_1_modified/./ANALYSIS/contur_run.db
INFO - Found 1833 potentially valid histograms in /unix/cedar/junyingwu/contur_compare/grid_snapshot/13TeV/0039/runpoint_0039.yoda.gz
INFO - Cross section 31.46054 pb, 200.0 generated events
INFO - Found 13 potentially valid histograms in /unix/cedar/junyingwu/contur_compare/grid_snapshot/7TeV/0039/runpoint_0039.yoda.gz
INFO - Cross section 5.771338 pb, 200.0 generated events
INFO - Found 456 potentially valid histograms in /unix/cedar/junyingwu/contur_compare/grid_snapshot/8TeV/0039/runpoint_0039.yoda.gz
INFO - Cross section 8.864597 pb, 200.0 generated events
INFO - Processed ConturPoint 0039, with parameter values: {'gAXd': '1.0', 'gAq': '0.25', 'gVXd': '1.0', 'gVl': '0.25', 'gVq': '0.25', 'mXd': '1610.0', 'mY1': '1210.0'}
     - SMBG=0.999999999875304 
     - EXP=0.9999999999998586 
     - HLEXP=1 

INFO - No match found in the Contur Model database for the model in /unix/cedar/junyingwu/contur_compare/dissertation_runs/observable_isolated_20260803T004228+0100/runs/unprofiled_1_modified/RunInfo.
       If you want this to be added, copy the sources files into the contur Models area and remake.
INFO - No run block in /unix/cedar/junyingwu/contur_compare/grid_snapshot/param_file.dat. Will use environment variables
INFO - Writing summary for grid mode into database: /unix/cedar/junyingwu/contur_compare/dissertation_runs/observable_isolated_20260803T004228+0100/runs/unprofiled_1_modified/./ANALYSIS/contur_run.db
INFO - Writing runpoint 0039 to database
INFO - Run point 0039 written to /unix/cedar/junyingwu/contur_compare/dissertation_runs/observable_isolated_20260803T004228+0100/runs/unprofiled_1_modified/./ANALYSIS/contur_run.db
INFO - Found 1833 potentially valid histograms in /unix/cedar/junyingwu/contur_compare/grid_snapshot/13TeV/0040/runpoint_0040.yoda.gz
INFO - Cross section 10.19742 pb, 200.0 generated events
INFO - Found 13 potentially valid histograms in /unix/cedar/junyingwu/contur_compare/grid_snapshot/7TeV/0040/runpoint_0040.yoda.gz
INFO - Cross section 1.34042 pb, 200.0 generated events
INFO - Found 456 potentially valid histograms in /unix/cedar/junyingwu/contur_compare/grid_snapshot/8TeV/0040/runpoint_0040.yoda.gz
INFO - Cross section 2.357376 pb, 200.0 generated events
INFO - Processed ConturPoint 0040, with parameter values: {'gAXd': '1.0', 'gAq': '0.25', 'gVXd': '1.0', 'gVl': '0.25', 'gVq': '0.25', 'mXd': '10.0', 'mY1': '1610.0'}
     - SMBG=0.9999158927172974 
     - EXP=0.9999870250663865 
     - HLEXP=1 

INFO - No match found in the Contur Model database for the model in /unix/cedar/junyingwu/contur_compare/dissertation_runs/observable_isolated_20260803T004228+0100/runs/unprofiled_1_modified/RunInfo.
       If you want this to be added, copy the sources files into the contur Models area and remake.
INFO - No run block in /unix/cedar/junyingwu/contur_compare/grid_snapshot/param_file.dat. Will use environment variables
INFO - Writing summary for grid mode into database: /unix/cedar/junyingwu/contur_compare/dissertation_runs/observable_isolated_20260803T004228+0100/runs/unprofiled_1_modified/./ANALYSIS/contur_run.db
INFO - Writing runpoint 0040 to database
INFO - Run point 0040 written to /unix/cedar/junyingwu/contur_compare/dissertation_runs/observable_isolated_20260803T004228+0100/runs/unprofiled_1_modified/./ANALYSIS/contur_run.db
INFO - Found 1833 potentially valid histograms in /unix/cedar/junyingwu/contur_compare/grid_snapshot/13TeV/0041/runpoint_0041.yoda.gz
INFO - Cross section 9.513972 pb, 200.0 generated events
INFO - Found 13 potentially valid histograms in /unix/cedar/junyingwu/contur_compare/grid_snapshot/7TeV/0041/runpoint_0041.yoda.gz
INFO - Cross section 1.130867 pb, 200.0 generated events
INFO - Found 456 potentially valid histograms in /unix/cedar/junyingwu/contur_compare/grid_snapshot/8TeV/0041/runpoint_0041.yoda.gz
INFO - Cross section 2.009803 pb, 200.0 generated events
INFO - Processed ConturPoint 0041, with parameter values: {'gAXd': '1.0', 'gAq': '0.25', 'gVXd': '1.0', 'gVl': '0.25', 'gVq': '0.25', 'mXd': '187.77777777777777', 'mY1': '1610.0'}
     - SMBG=0.9999999999931224 
     - EXP=0.9999999999995471 
     - HLEXP=1 

INFO - No match found in the Contur Model database for the model in /unix/cedar/junyingwu/contur_compare/dissertation_runs/observable_isolated_20260803T004228+0100/runs/unprofiled_1_modified/RunInfo.
       If you want this to be added, copy the sources files into the contur Models area and remake.
INFO - No run block in /unix/cedar/junyingwu/contur_compare/grid_snapshot/param_file.dat. Will use environment variables
INFO - Writing summary for grid mode into database: /unix/cedar/junyingwu/contur_compare/dissertation_runs/observable_isolated_20260803T004228+0100/runs/unprofiled_1_modified/./ANALYSIS/contur_run.db
INFO - Writing runpoint 0041 to database
INFO - Run point 0041 written to /unix/cedar/junyingwu/contur_compare/dissertation_runs/observable_isolated_20260803T004228+0100/runs/unprofiled_1_modified/./ANALYSIS/contur_run.db
INFO - Found 1833 potentially valid histograms in /unix/cedar/junyingwu/contur_compare/grid_snapshot/13TeV/0042/runpoint_0042.yoda.gz
INFO - Cross section 9.496466 pb, 200.0 generated events
INFO - Found 13 potentially valid histograms in /unix/cedar/junyingwu/contur_compare/grid_snapshot/7TeV/0042/runpoint_0042.yoda.gz
INFO - Cross section 1.164071 pb, 200.0 generated events
INFO - Found 456 potentially valid histograms in /unix/cedar/junyingwu/contur_compare/grid_snapshot/8TeV/0042/runpoint_0042.yoda.gz
INFO - Cross section 2.10491 pb, 200.0 generated events
INFO - Processed ConturPoint 0042, with parameter values: {'gAXd': '1.0', 'gAq': '0.25', 'gVXd': '1.0', 'gVl': '0.25', 'gVq': '0.25', 'mXd': '365.55555555555554', 'mY1': '1610.0'}
     - SMBG=0.9999999353623658 
     - EXP=0.9999999887216844 
     - HLEXP=1 

INFO - No match found in the Contur Model database for the model in /unix/cedar/junyingwu/contur_compare/dissertation_runs/observable_isolated_20260803T004228+0100/runs/unprofiled_1_modified/RunInfo.
       If you want this to be added, copy the sources files into the contur Models area and remake.
INFO - No run block in /unix/cedar/junyingwu/contur_compare/grid_snapshot/param_file.dat. Will use environment variables
INFO - Writing summary for grid mode into database: /unix/cedar/junyingwu/contur_compare/dissertation_runs/observable_isolated_20260803T004228+0100/runs/unprofiled_1_modified/./ANALYSIS/contur_run.db
INFO - Writing runpoint 0042 to database
INFO - Run point 0042 written to /unix/cedar/junyingwu/contur_compare/dissertation_runs/observable_isolated_20260803T004228+0100/runs/unprofiled_1_modified/./ANALYSIS/contur_run.db
INFO - Found 1833 potentially valid histograms in /unix/cedar/junyingwu/contur_compare/grid_snapshot/13TeV/0043/runpoint_0043.yoda.gz
INFO - Cross section 9.508668 pb, 200.0 generated events
INFO - Found 13 potentially valid histograms in /unix/cedar/junyingwu/contur_compare/grid_snapshot/7TeV/0043/runpoint_0043.yoda.gz
INFO - Cross section 1.155179 pb, 200.0 generated events
INFO - Found 456 potentially valid histograms in /unix/cedar/junyingwu/contur_compare/grid_snapshot/8TeV/0043/runpoint_0043.yoda.gz
INFO - Cross section 2.098184 pb, 200.0 generated events
INFO - Processed ConturPoint 0043, with parameter values: {'gAXd': '1.0', 'gAq': '0.25', 'gVXd': '1.0', 'gVl': '0.25', 'gVq': '0.25', 'mXd': '543.3333333333333', 'mY1': '1610.0'}
     - SMBG=0.9999980282941259 
     - EXP=0.9999995472623413 
     - HLEXP=1 

INFO - No match found in the Contur Model database for the model in /unix/cedar/junyingwu/contur_compare/dissertation_runs/observable_isolated_20260803T004228+0100/runs/unprofiled_1_modified/RunInfo.
       If you want this to be added, copy the sources files into the contur Models area and remake.
INFO - No run block in /unix/cedar/junyingwu/contur_compare/grid_snapshot/param_file.dat. Will use environment variables
INFO - Writing summary for grid mode into database: /unix/cedar/junyingwu/contur_compare/dissertation_runs/observable_isolated_20260803T004228+0100/runs/unprofiled_1_modified/./ANALYSIS/contur_run.db
INFO - Writing runpoint 0043 to database
INFO - Run point 0043 written to /unix/cedar/junyingwu/contur_compare/dissertation_runs/observable_isolated_20260803T004228+0100/runs/unprofiled_1_modified/./ANALYSIS/contur_run.db
INFO - Found 1833 potentially valid histograms in /unix/cedar/junyingwu/contur_compare/grid_snapshot/13TeV/0044/runpoint_0044.yoda.gz
INFO - Cross section 9.55326 pb, 200.0 generated events
INFO - Found 13 potentially valid histograms in /unix/cedar/junyingwu/contur_compare/grid_snapshot/7TeV/0044/runpoint_0044.yoda.gz
INFO - Cross section 1.04045 pb, 200.0 generated events
INFO - Found 456 potentially valid histograms in /unix/cedar/junyingwu/contur_compare/grid_snapshot/8TeV/0044/runpoint_0044.yoda.gz
INFO - Cross section 2.045746 pb, 200.0 generated events
INFO - Processed ConturPoint 0044, with parameter values: {'gAXd': '1.0', 'gAq': '0.25', 'gVXd': '1.0', 'gVl': '0.25', 'gVq': '0.25', 'mXd': '721.1111111111111', 'mY1': '1610.0'}
     - SMBG=0.9999998957915788 
     - EXP=0.9999999979121712 
     - HLEXP=1 

INFO - No match found in the Contur Model database for the model in /unix/cedar/junyingwu/contur_compare/dissertation_runs/observable_isolated_20260803T004228+0100/runs/unprofiled_1_modified/RunInfo.
       If you want this to be added, copy the sources files into the contur Models area and remake.
INFO - No run block in /unix/cedar/junyingwu/contur_compare/grid_snapshot/param_file.dat. Will use environment variables
INFO - Writing summary for grid mode into database: /unix/cedar/junyingwu/contur_compare/dissertation_runs/observable_isolated_20260803T004228+0100/runs/unprofiled_1_modified/./ANALYSIS/contur_run.db
INFO - Writing runpoint 0044 to database
INFO - Run point 0044 written to /unix/cedar/junyingwu/contur_compare/dissertation_runs/observable_isolated_20260803T004228+0100/runs/unprofiled_1_modified/./ANALYSIS/contur_run.db
INFO - Found 1833 potentially valid histograms in /unix/cedar/junyingwu/contur_compare/grid_snapshot/13TeV/0045/runpoint_0045.yoda.gz
INFO - Cross section 9.413682 pb, 200.0 generated events
INFO - Found 13 potentially valid histograms in /unix/cedar/junyingwu/contur_compare/grid_snapshot/7TeV/0045/runpoint_0045.yoda.gz
INFO - Cross section 1.100276 pb, 200.0 generated events
INFO - Found 456 potentially valid histograms in /unix/cedar/junyingwu/contur_compare/grid_snapshot/8TeV/0045/runpoint_0045.yoda.gz
INFO - Cross section 2.04824 pb, 200.0 generated events
INFO - Processed ConturPoint 0045, with parameter values: {'gAXd': '1.0', 'gAq': '0.25', 'gVXd': '1.0', 'gVl': '0.25', 'gVq': '0.25', 'mXd': '898.8888888888889', 'mY1': '1610.0'}
     - SMBG=0.9999999985062035 
     - EXP=0.9999999999471104 
     - HLEXP=1 

INFO - No match found in the Contur Model database for the model in /unix/cedar/junyingwu/contur_compare/dissertation_runs/observable_isolated_20260803T004228+0100/runs/unprofiled_1_modified/RunInfo.
       If you want this to be added, copy the sources files into the contur Models area and remake.
INFO - No run block in /unix/cedar/junyingwu/contur_compare/grid_snapshot/param_file.dat. Will use environment variables
INFO - Writing summary for grid mode into database: /unix/cedar/junyingwu/contur_compare/dissertation_runs/observable_isolated_20260803T004228+0100/runs/unprofiled_1_modified/./ANALYSIS/contur_run.db
INFO - Writing runpoint 0045 to database
INFO - Run point 0045 written to /unix/cedar/junyingwu/contur_compare/dissertation_runs/observable_isolated_20260803T004228+0100/runs/unprofiled_1_modified/./ANALYSIS/contur_run.db
INFO - Found 1833 potentially valid histograms in /unix/cedar/junyingwu/contur_compare/grid_snapshot/13TeV/0046/runpoint_0046.yoda.gz
INFO - Cross section 9.92756 pb, 200.0 generated events
INFO - Found 13 potentially valid histograms in /unix/cedar/junyingwu/contur_compare/grid_snapshot/7TeV/0046/runpoint_0046.yoda.gz
INFO - Cross section 1.090329 pb, 200.0 generated events
INFO - Found 456 potentially valid histograms in /unix/cedar/junyingwu/contur_compare/grid_snapshot/8TeV/0046/runpoint_0046.yoda.gz
INFO - Cross section 1.992837 pb, 200.0 generated events
INFO - Processed ConturPoint 0046, with parameter values: {'gAXd': '1.0', 'gAq': '0.25', 'gVXd': '1.0', 'gVl': '0.25', 'gVq': '0.25', 'mXd': '1076.6666666666665', 'mY1': '1610.0'}
     - SMBG=0.9999999767575101 
     - EXP=0.9999999999460298 
     - HLEXP=1 

INFO - No match found in the Contur Model database for the model in /unix/cedar/junyingwu/contur_compare/dissertation_runs/observable_isolated_20260803T004228+0100/runs/unprofiled_1_modified/RunInfo.
       If you want this to be added, copy the sources files into the contur Models area and remake.
INFO - No run block in /unix/cedar/junyingwu/contur_compare/grid_snapshot/param_file.dat. Will use environment variables
INFO - Writing summary for grid mode into database: /unix/cedar/junyingwu/contur_compare/dissertation_runs/observable_isolated_20260803T004228+0100/runs/unprofiled_1_modified/./ANALYSIS/contur_run.db
INFO - Writing runpoint 0046 to database
INFO - Run point 0046 written to /unix/cedar/junyingwu/contur_compare/dissertation_runs/observable_isolated_20260803T004228+0100/runs/unprofiled_1_modified/./ANALYSIS/contur_run.db
INFO - Found 1833 potentially valid histograms in /unix/cedar/junyingwu/contur_compare/grid_snapshot/13TeV/0047/runpoint_0047.yoda.gz
INFO - Cross section 9.298107 pb, 200.0 generated events
INFO - Found 13 potentially valid histograms in /unix/cedar/junyingwu/contur_compare/grid_snapshot/7TeV/0047/runpoint_0047.yoda.gz
INFO - Cross section 1.136869 pb, 200.0 generated events
INFO - Found 456 potentially valid histograms in /unix/cedar/junyingwu/contur_compare/grid_snapshot/8TeV/0047/runpoint_0047.yoda.gz
INFO - Cross section 1.852327 pb, 200.0 generated events
INFO - Processed ConturPoint 0047, with parameter values: {'gAXd': '1.0', 'gAq': '0.25', 'gVXd': '1.0', 'gVl': '0.25', 'gVq': '0.25', 'mXd': '1254.4444444444443', 'mY1': '1610.0'}
     - SMBG=0.9999966912280925 
     - EXP=0.9999999350188342 
     - HLEXP=1 

INFO - No match found in the Contur Model database for the model in /unix/cedar/junyingwu/contur_compare/dissertation_runs/observable_isolated_20260803T004228+0100/runs/unprofiled_1_modified/RunInfo.
       If you want this to be added, copy the sources files into the contur Models area and remake.
INFO - No run block in /unix/cedar/junyingwu/contur_compare/grid_snapshot/param_file.dat. Will use environment variables
INFO - Writing summary for grid mode into database: /unix/cedar/junyingwu/contur_compare/dissertation_runs/observable_isolated_20260803T004228+0100/runs/unprofiled_1_modified/./ANALYSIS/contur_run.db
INFO - Writing runpoint 0047 to database
INFO - Run point 0047 written to /unix/cedar/junyingwu/contur_compare/dissertation_runs/observable_isolated_20260803T004228+0100/runs/unprofiled_1_modified/./ANALYSIS/contur_run.db
INFO - Found 1833 potentially valid histograms in /unix/cedar/junyingwu/contur_compare/grid_snapshot/13TeV/0048/runpoint_0048.yoda.gz
INFO - Cross section 9.164984 pb, 200.0 generated events
INFO - Found 13 potentially valid histograms in /unix/cedar/junyingwu/contur_compare/grid_snapshot/7TeV/0048/runpoint_0048.yoda.gz
INFO - Cross section 1.115517 pb, 200.0 generated events
INFO - Found 456 potentially valid histograms in /unix/cedar/junyingwu/contur_compare/grid_snapshot/8TeV/0048/runpoint_0048.yoda.gz
INFO - Cross section 1.97935 pb, 200.0 generated events
INFO - Processed ConturPoint 0048, with parameter values: {'gAXd': '1.0', 'gAq': '0.25', 'gVXd': '1.0', 'gVl': '0.25', 'gVq': '0.25', 'mXd': '1432.2222222222222', 'mY1': '1610.0'}
     - SMBG=0.9999999002845283 
     - EXP=0.9999999992894257 
     - HLEXP=1 

INFO - No match found in the Contur Model database for the model in /unix/cedar/junyingwu/contur_compare/dissertation_runs/observable_isolated_20260803T004228+0100/runs/unprofiled_1_modified/RunInfo.
       If you want this to be added, copy the sources files into the contur Models area and remake.
INFO - No run block in /unix/cedar/junyingwu/contur_compare/grid_snapshot/param_file.dat. Will use environment variables
INFO - Writing summary for grid mode into database: /unix/cedar/junyingwu/contur_compare/dissertation_runs/observable_isolated_20260803T004228+0100/runs/unprofiled_1_modified/./ANALYSIS/contur_run.db
INFO - Writing runpoint 0048 to database
INFO - Run point 0048 written to /unix/cedar/junyingwu/contur_compare/dissertation_runs/observable_isolated_20260803T004228+0100/runs/unprofiled_1_modified/./ANALYSIS/contur_run.db
INFO - Found 1833 potentially valid histograms in /unix/cedar/junyingwu/contur_compare/grid_snapshot/13TeV/0049/runpoint_0049.yoda.gz
INFO - Cross section 9.831691 pb, 200.0 generated events
INFO - Found 13 potentially valid histograms in /unix/cedar/junyingwu/contur_compare/grid_snapshot/7TeV/0049/runpoint_0049.yoda.gz
INFO - Cross section 1.149689 pb, 200.0 generated events
INFO - Found 456 potentially valid histograms in /unix/cedar/junyingwu/contur_compare/grid_snapshot/8TeV/0049/runpoint_0049.yoda.gz
INFO - Cross section 2.105679 pb, 200.0 generated events
INFO - Processed ConturPoint 0049, with parameter values: {'gAXd': '1.0', 'gAq': '0.25', 'gVXd': '1.0', 'gVl': '0.25', 'gVq': '0.25', 'mXd': '1610.0', 'mY1': '1610.0'}
     - SMBG=0.9999999986345484 
     - EXP=0.9999999998539805 
     - HLEXP=1 

INFO - No match found in the Contur Model database for the model in /unix/cedar/junyingwu/contur_compare/dissertation_runs/observable_isolated_20260803T004228+0100/runs/unprofiled_1_modified/RunInfo.
       If you want this to be added, copy the sources files into the contur Models area and remake.
INFO - No run block in /unix/cedar/junyingwu/contur_compare/grid_snapshot/param_file.dat. Will use environment variables
INFO - Writing summary for grid mode into database: /unix/cedar/junyingwu/contur_compare/dissertation_runs/observable_isolated_20260803T004228+0100/runs/unprofiled_1_modified/./ANALYSIS/contur_run.db
INFO - Writing runpoint 0049 to database
INFO - Run point 0049 written to /unix/cedar/junyingwu/contur_compare/dissertation_runs/observable_isolated_20260803T004228+0100/runs/unprofiled_1_modified/./ANALYSIS/contur_run.db
INFO - Found 1833 potentially valid histograms in /unix/cedar/junyingwu/contur_compare/grid_snapshot/13TeV/0050/runpoint_0050.yoda.gz
INFO - Cross section 3.468096 pb, 200.0 generated events
INFO - Found 13 potentially valid histograms in /unix/cedar/junyingwu/contur_compare/grid_snapshot/7TeV/0050/runpoint_0050.yoda.gz
INFO - Cross section 0.3263557 pb, 200.0 generated events
INFO - Found 456 potentially valid histograms in /unix/cedar/junyingwu/contur_compare/grid_snapshot/8TeV/0050/runpoint_0050.yoda.gz
INFO - Cross section 0.5870799 pb, 200.0 generated events
INFO - Processed ConturPoint 0050, with parameter values: {'gAXd': '1.0', 'gAq': '0.25', 'gVXd': '1.0', 'gVl': '0.25', 'gVq': '0.25', 'mXd': '10.0', 'mY1': '2010.0'}
     - SMBG=0.999969977751274 
     - EXP=0.9999959768830775 
     - HLEXP=1 

INFO - No match found in the Contur Model database for the model in /unix/cedar/junyingwu/contur_compare/dissertation_runs/observable_isolated_20260803T004228+0100/runs/unprofiled_1_modified/RunInfo.
       If you want this to be added, copy the sources files into the contur Models area and remake.
INFO - No run block in /unix/cedar/junyingwu/contur_compare/grid_snapshot/param_file.dat. Will use environment variables
INFO - Writing summary for grid mode into database: /unix/cedar/junyingwu/contur_compare/dissertation_runs/observable_isolated_20260803T004228+0100/runs/unprofiled_1_modified/./ANALYSIS/contur_run.db
INFO - Writing runpoint 0050 to database
INFO - Run point 0050 written to /unix/cedar/junyingwu/contur_compare/dissertation_runs/observable_isolated_20260803T004228+0100/runs/unprofiled_1_modified/./ANALYSIS/contur_run.db
INFO - Found 1833 potentially valid histograms in /unix/cedar/junyingwu/contur_compare/grid_snapshot/13TeV/0051/runpoint_0051.yoda.gz
INFO - Cross section 3.695931 pb, 200.0 generated events
INFO - Found 13 potentially valid histograms in /unix/cedar/junyingwu/contur_compare/grid_snapshot/7TeV/0051/runpoint_0051.yoda.gz
INFO - Cross section 0.3251655 pb, 200.0 generated events
INFO - Found 456 potentially valid histograms in /unix/cedar/junyingwu/contur_compare/grid_snapshot/8TeV/0051/runpoint_0051.yoda.gz
INFO - Cross section 0.5681513 pb, 200.0 generated events
INFO - Processed ConturPoint 0051, with parameter values: {'gAXd': '1.0', 'gAq': '0.25', 'gVXd': '1.0', 'gVl': '0.25', 'gVq': '0.25', 'mXd': '187.77777777777777', 'mY1': '2010.0'}
     - SMBG=0.9999612231856073 
     - EXP=0.9999979886954509 
     - HLEXP=1 

INFO - No match found in the Contur Model database for the model in /unix/cedar/junyingwu/contur_compare/dissertation_runs/observable_isolated_20260803T004228+0100/runs/unprofiled_1_modified/RunInfo.
       If you want this to be added, copy the sources files into the contur Models area and remake.
INFO - No run block in /unix/cedar/junyingwu/contur_compare/grid_snapshot/param_file.dat. Will use environment variables
INFO - Writing summary for grid mode into database: /unix/cedar/junyingwu/contur_compare/dissertation_runs/observable_isolated_20260803T004228+0100/runs/unprofiled_1_modified/./ANALYSIS/contur_run.db
INFO - Writing runpoint 0051 to database
INFO - Run point 0051 written to /unix/cedar/junyingwu/contur_compare/dissertation_runs/observable_isolated_20260803T004228+0100/runs/unprofiled_1_modified/./ANALYSIS/contur_run.db
INFO - Found 1833 potentially valid histograms in /unix/cedar/junyingwu/contur_compare/grid_snapshot/13TeV/0052/runpoint_0052.yoda.gz
INFO - Cross section 3.564505 pb, 200.0 generated events
INFO - Found 13 potentially valid histograms in /unix/cedar/junyingwu/contur_compare/grid_snapshot/7TeV/0052/runpoint_0052.yoda.gz
INFO - Cross section 0.295854 pb, 200.0 generated events
INFO - Found 456 potentially valid histograms in /unix/cedar/junyingwu/contur_compare/grid_snapshot/8TeV/0052/runpoint_0052.yoda.gz
INFO - Cross section 0.5531242 pb, 200.0 generated events
INFO - Processed ConturPoint 0052, with parameter values: {'gAXd': '1.0', 'gAq': '0.25', 'gVXd': '1.0', 'gVl': '0.25', 'gVq': '0.25', 'mXd': '365.55555555555554', 'mY1': '2010.0'}
     - SMBG=0.9999960249551629 
     - EXP=0.9999990759559336 
     - HLEXP=1 

INFO - No match found in the Contur Model database for the model in /unix/cedar/junyingwu/contur_compare/dissertation_runs/observable_isolated_20260803T004228+0100/runs/unprofiled_1_modified/RunInfo.
       If you want this to be added, copy the sources files into the contur Models area and remake.
INFO - No run block in /unix/cedar/junyingwu/contur_compare/grid_snapshot/param_file.dat. Will use environment variables
INFO - Writing summary for grid mode into database: /unix/cedar/junyingwu/contur_compare/dissertation_runs/observable_isolated_20260803T004228+0100/runs/unprofiled_1_modified/./ANALYSIS/contur_run.db
INFO - Writing runpoint 0052 to database
INFO - Run point 0052 written to /unix/cedar/junyingwu/contur_compare/dissertation_runs/observable_isolated_20260803T004228+0100/runs/unprofiled_1_modified/./ANALYSIS/contur_run.db
INFO - Found 1833 potentially valid histograms in /unix/cedar/junyingwu/contur_compare/grid_snapshot/13TeV/0053/runpoint_0053.yoda.gz
INFO - Cross section 3.279876 pb, 200.0 generated events
INFO - Found 13 potentially valid histograms in /unix/cedar/junyingwu/contur_compare/grid_snapshot/7TeV/0053/runpoint_0053.yoda.gz
INFO - Cross section 0.2859397 pb, 200.0 generated events
INFO - Found 456 potentially valid histograms in /unix/cedar/junyingwu/contur_compare/grid_snapshot/8TeV/0053/runpoint_0053.yoda.gz
INFO - Cross section 0.5166246 pb, 200.0 generated events
INFO - Processed ConturPoint 0053, with parameter values: {'gAXd': '1.0', 'gAq': '0.25', 'gVXd': '1.0', 'gVl': '0.25', 'gVq': '0.25', 'mXd': '543.3333333333333', 'mY1': '2010.0'}
     - SMBG=0.9999989602579544 
     - EXP=0.9999999539622387 
     - HLEXP=1 

INFO - No match found in the Contur Model database for the model in /unix/cedar/junyingwu/contur_compare/dissertation_runs/observable_isolated_20260803T004228+0100/runs/unprofiled_1_modified/RunInfo.
       If you want this to be added, copy the sources files into the contur Models area and remake.
INFO - No run block in /unix/cedar/junyingwu/contur_compare/grid_snapshot/param_file.dat. Will use environment variables
INFO - Writing summary for grid mode into database: /unix/cedar/junyingwu/contur_compare/dissertation_runs/observable_isolated_20260803T004228+0100/runs/unprofiled_1_modified/./ANALYSIS/contur_run.db
INFO - Writing runpoint 0053 to database
INFO - Run point 0053 written to /unix/cedar/junyingwu/contur_compare/dissertation_runs/observable_isolated_20260803T004228+0100/runs/unprofiled_1_modified/./ANALYSIS/contur_run.db
INFO - Found 1833 potentially valid histograms in /unix/cedar/junyingwu/contur_compare/grid_snapshot/13TeV/0054/runpoint_0054.yoda.gz
INFO - Cross section 3.461158 pb, 200.0 generated events
INFO - Found 13 potentially valid histograms in /unix/cedar/junyingwu/contur_compare/grid_snapshot/7TeV/0054/runpoint_0054.yoda.gz
INFO - Cross section 0.2724412 pb, 200.0 generated events
INFO - Found 456 potentially valid histograms in /unix/cedar/junyingwu/contur_compare/grid_snapshot/8TeV/0054/runpoint_0054.yoda.gz
INFO - Cross section 0.5290977 pb, 200.0 generated events
INFO - Processed ConturPoint 0054, with parameter values: {'gAXd': '1.0', 'gAq': '0.25', 'gVXd': '1.0', 'gVl': '0.25', 'gVq': '0.25', 'mXd': '721.1111111111111', 'mY1': '2010.0'}
     - SMBG=0.9999734401156655 
     - EXP=0.9999979941115921 
     - HLEXP=1 

INFO - No match found in the Contur Model database for the model in /unix/cedar/junyingwu/contur_compare/dissertation_runs/observable_isolated_20260803T004228+0100/runs/unprofiled_1_modified/RunInfo.
       If you want this to be added, copy the sources files into the contur Models area and remake.
INFO - No run block in /unix/cedar/junyingwu/contur_compare/grid_snapshot/param_file.dat. Will use environment variables
INFO - Writing summary for grid mode into database: /unix/cedar/junyingwu/contur_compare/dissertation_runs/observable_isolated_20260803T004228+0100/runs/unprofiled_1_modified/./ANALYSIS/contur_run.db
INFO - Writing runpoint 0054 to database
INFO - Run point 0054 written to /unix/cedar/junyingwu/contur_compare/dissertation_runs/observable_isolated_20260803T004228+0100/runs/unprofiled_1_modified/./ANALYSIS/contur_run.db
INFO - Found 1833 potentially valid histograms in /unix/cedar/junyingwu/contur_compare/grid_snapshot/13TeV/0055/runpoint_0055.yoda.gz
INFO - Cross section 3.212867 pb, 200.0 generated events
INFO - Found 13 potentially valid histograms in /unix/cedar/junyingwu/contur_compare/grid_snapshot/7TeV/0055/runpoint_0055.yoda.gz
INFO - Cross section 0.2478887 pb, 200.0 generated events
INFO - Found 456 potentially valid histograms in /unix/cedar/junyingwu/contur_compare/grid_snapshot/8TeV/0055/runpoint_0055.yoda.gz
INFO - Cross section 0.4932525 pb, 200.0 generated events
INFO - Processed ConturPoint 0055, with parameter values: {'gAXd': '1.0', 'gAq': '0.25', 'gVXd': '1.0', 'gVl': '0.25', 'gVq': '0.25', 'mXd': '898.8888888888889', 'mY1': '2010.0'}
     - SMBG=0.9999995694459262 
     - EXP=0.9999999704192116 
     - HLEXP=1 

INFO - No match found in the Contur Model database for the model in /unix/cedar/junyingwu/contur_compare/dissertation_runs/observable_isolated_20260803T004228+0100/runs/unprofiled_1_modified/RunInfo.
       If you want this to be added, copy the sources files into the contur Models area and remake.
INFO - No run block in /unix/cedar/junyingwu/contur_compare/grid_snapshot/param_file.dat. Will use environment variables
INFO - Writing summary for grid mode into database: /unix/cedar/junyingwu/contur_compare/dissertation_runs/observable_isolated_20260803T004228+0100/runs/unprofiled_1_modified/./ANALYSIS/contur_run.db
INFO - Writing runpoint 0055 to database
INFO - Run point 0055 written to /unix/cedar/junyingwu/contur_compare/dissertation_runs/observable_isolated_20260803T004228+0100/runs/unprofiled_1_modified/./ANALYSIS/contur_run.db
INFO - Found 1833 potentially valid histograms in /unix/cedar/junyingwu/contur_compare/grid_snapshot/13TeV/0056/runpoint_0056.yoda.gz
INFO - Cross section 3.257638 pb, 200.0 generated events
INFO - Found 13 potentially valid histograms in /unix/cedar/junyingwu/contur_compare/grid_snapshot/7TeV/0056/runpoint_0056.yoda.gz
INFO - Cross section 0.2666633 pb, 200.0 generated events
INFO - Found 456 potentially valid histograms in /unix/cedar/junyingwu/contur_compare/grid_snapshot/8TeV/0056/runpoint_0056.yoda.gz
INFO - Cross section 0.4756748 pb, 200.0 generated events
INFO - Processed ConturPoint 0056, with parameter values: {'gAXd': '1.0', 'gAq': '0.25', 'gVXd': '1.0', 'gVl': '0.25', 'gVq': '0.25', 'mXd': '1076.6666666666665', 'mY1': '2010.0'}
     - SMBG=0.9999999417477556 
     - EXP=0.9999999999772442 
     - HLEXP=1 

INFO - No match found in the Contur Model database for the model in /unix/cedar/junyingwu/contur_compare/dissertation_runs/observable_isolated_20260803T004228+0100/runs/unprofiled_1_modified/RunInfo.
       If you want this to be added, copy the sources files into the contur Models area and remake.
INFO - No run block in /unix/cedar/junyingwu/contur_compare/grid_snapshot/param_file.dat. Will use environment variables
INFO - Writing summary for grid mode into database: /unix/cedar/junyingwu/contur_compare/dissertation_runs/observable_isolated_20260803T004228+0100/runs/unprofiled_1_modified/./ANALYSIS/contur_run.db
INFO - Writing runpoint 0056 to database
INFO - Run point 0056 written to /unix/cedar/junyingwu/contur_compare/dissertation_runs/observable_isolated_20260803T004228+0100/runs/unprofiled_1_modified/./ANALYSIS/contur_run.db
INFO - Found 1833 potentially valid histograms in /unix/cedar/junyingwu/contur_compare/grid_snapshot/13TeV/0057/runpoint_0057.yoda.gz
INFO - Cross section 3.163273 pb, 200.0 generated events
INFO - Found 13 potentially valid histograms in /unix/cedar/junyingwu/contur_compare/grid_snapshot/7TeV/0057/runpoint_0057.yoda.gz
INFO - Cross section 0.2831585 pb, 200.0 generated events
INFO - Found 456 potentially valid histograms in /unix/cedar/junyingwu/contur_compare/grid_snapshot/8TeV/0057/runpoint_0057.yoda.gz
INFO - Cross section 0.4832756 pb, 200.0 generated events
INFO - Processed ConturPoint 0057, with parameter values: {'gAXd': '1.0', 'gAq': '0.25', 'gVXd': '1.0', 'gVl': '0.25', 'gVq': '0.25', 'mXd': '1254.4444444444443', 'mY1': '2010.0'}
     - SMBG=0.9999999998687531 
     - EXP=0.999999999993748 
     - HLEXP=1 

INFO - No match found in the Contur Model database for the model in /unix/cedar/junyingwu/contur_compare/dissertation_runs/observable_isolated_20260803T004228+0100/runs/unprofiled_1_modified/RunInfo.
       If you want this to be added, copy the sources files into the contur Models area and remake.
INFO - No run block in /unix/cedar/junyingwu/contur_compare/grid_snapshot/param_file.dat. Will use environment variables
INFO - Writing summary for grid mode into database: /unix/cedar/junyingwu/contur_compare/dissertation_runs/observable_isolated_20260803T004228+0100/runs/unprofiled_1_modified/./ANALYSIS/contur_run.db
INFO - Writing runpoint 0057 to database
INFO - Run point 0057 written to /unix/cedar/junyingwu/contur_compare/dissertation_runs/observable_isolated_20260803T004228+0100/runs/unprofiled_1_modified/./ANALYSIS/contur_run.db
INFO - Found 1833 potentially valid histograms in /unix/cedar/junyingwu/contur_compare/grid_snapshot/13TeV/0058/runpoint_0058.yoda.gz
INFO - Cross section 3.333436 pb, 200.0 generated events
INFO - Found 13 potentially valid histograms in /unix/cedar/junyingwu/contur_compare/grid_snapshot/7TeV/0058/runpoint_0058.yoda.gz
INFO - Cross section 0.2715324 pb, 200.0 generated events
INFO - Found 456 potentially valid histograms in /unix/cedar/junyingwu/contur_compare/grid_snapshot/8TeV/0058/runpoint_0058.yoda.gz
INFO - Cross section 0.5259236 pb, 200.0 generated events
INFO - Processed ConturPoint 0058, with parameter values: {'gAXd': '1.0', 'gAq': '0.25', 'gVXd': '1.0', 'gVl': '0.25', 'gVq': '0.25', 'mXd': '1432.2222222222222', 'mY1': '2010.0'}
     - SMBG=0.9999989442083395 
     - EXP=0.9999998797530572 
     - HLEXP=1 

INFO - No match found in the Contur Model database for the model in /unix/cedar/junyingwu/contur_compare/dissertation_runs/observable_isolated_20260803T004228+0100/runs/unprofiled_1_modified/RunInfo.
       If you want this to be added, copy the sources files into the contur Models area and remake.
INFO - No run block in /unix/cedar/junyingwu/contur_compare/grid_snapshot/param_file.dat. Will use environment variables
INFO - Writing summary for grid mode into database: /unix/cedar/junyingwu/contur_compare/dissertation_runs/observable_isolated_20260803T004228+0100/runs/unprofiled_1_modified/./ANALYSIS/contur_run.db
INFO - Writing runpoint 0058 to database
INFO - Run point 0058 written to /unix/cedar/junyingwu/contur_compare/dissertation_runs/observable_isolated_20260803T004228+0100/runs/unprofiled_1_modified/./ANALYSIS/contur_run.db
INFO - Found 1833 potentially valid histograms in /unix/cedar/junyingwu/contur_compare/grid_snapshot/13TeV/0059/runpoint_0059.yoda.gz
INFO - Cross section 3.323672 pb, 200.0 generated events
INFO - Found 13 potentially valid histograms in /unix/cedar/junyingwu/contur_compare/grid_snapshot/7TeV/0059/runpoint_0059.yoda.gz
INFO - Cross section 0.2753637 pb, 200.0 generated events
INFO - Found 456 potentially valid histograms in /unix/cedar/junyingwu/contur_compare/grid_snapshot/8TeV/0059/runpoint_0059.yoda.gz
INFO - Cross section 0.4885943 pb, 200.0 generated events
INFO - Processed ConturPoint 0059, with parameter values: {'gAXd': '1.0', 'gAq': '0.25', 'gVXd': '1.0', 'gVl': '0.25', 'gVq': '0.25', 'mXd': '1610.0', 'mY1': '2010.0'}
     - SMBG=0.9999999970475285 
     - EXP=0.9999999999735105 
     - HLEXP=1 

INFO - No match found in the Contur Model database for the model in /unix/cedar/junyingwu/contur_compare/dissertation_runs/observable_isolated_20260803T004228+0100/runs/unprofiled_1_modified/RunInfo.
       If you want this to be added, copy the sources files into the contur Models area and remake.
INFO - No run block in /unix/cedar/junyingwu/contur_compare/grid_snapshot/param_file.dat. Will use environment variables
INFO - Writing summary for grid mode into database: /unix/cedar/junyingwu/contur_compare/dissertation_runs/observable_isolated_20260803T004228+0100/runs/unprofiled_1_modified/./ANALYSIS/contur_run.db
INFO - Writing runpoint 0059 to database
INFO - Run point 0059 written to /unix/cedar/junyingwu/contur_compare/dissertation_runs/observable_isolated_20260803T004228+0100/runs/unprofiled_1_modified/./ANALYSIS/contur_run.db
INFO - Found 1833 potentially valid histograms in /unix/cedar/junyingwu/contur_compare/grid_snapshot/13TeV/0060/runpoint_0060.yoda.gz
INFO - Cross section 1.350665 pb, 200.0 generated events
INFO - Found 13 potentially valid histograms in /unix/cedar/junyingwu/contur_compare/grid_snapshot/7TeV/0060/runpoint_0060.yoda.gz
INFO - Cross section 0.107649 pb, 200.0 generated events
INFO - Found 456 potentially valid histograms in /unix/cedar/junyingwu/contur_compare/grid_snapshot/8TeV/0060/runpoint_0060.yoda.gz
INFO - Cross section 0.1840485 pb, 200.0 generated events
INFO - Processed ConturPoint 0060, with parameter values: {'gAXd': '1.0', 'gAq': '0.25', 'gVXd': '1.0', 'gVl': '0.25', 'gVq': '0.25', 'mXd': '10.0', 'mY1': '2410.0'}
     - SMBG=0.9999909290262355 
     - EXP=0.9999810957471988 
     - HLEXP=1 

INFO - No match found in the Contur Model database for the model in /unix/cedar/junyingwu/contur_compare/dissertation_runs/observable_isolated_20260803T004228+0100/runs/unprofiled_1_modified/RunInfo.
       If you want this to be added, copy the sources files into the contur Models area and remake.
INFO - No run block in /unix/cedar/junyingwu/contur_compare/grid_snapshot/param_file.dat. Will use environment variables
INFO - Writing summary for grid mode into database: /unix/cedar/junyingwu/contur_compare/dissertation_runs/observable_isolated_20260803T004228+0100/runs/unprofiled_1_modified/./ANALYSIS/contur_run.db
INFO - Writing runpoint 0060 to database
INFO - Run point 0060 written to /unix/cedar/junyingwu/contur_compare/dissertation_runs/observable_isolated_20260803T004228+0100/runs/unprofiled_1_modified/./ANALYSIS/contur_run.db
INFO - Found 1833 potentially valid histograms in /unix/cedar/junyingwu/contur_compare/grid_snapshot/13TeV/0061/runpoint_0061.yoda.gz
INFO - Cross section 1.334655 pb, 200.0 generated events
INFO - Found 13 potentially valid histograms in /unix/cedar/junyingwu/contur_compare/grid_snapshot/7TeV/0061/runpoint_0061.yoda.gz
INFO - Cross section 0.09276933 pb, 200.0 generated events
INFO - Found 456 potentially valid histograms in /unix/cedar/junyingwu/contur_compare/grid_snapshot/8TeV/0061/runpoint_0061.yoda.gz
INFO - Cross section 0.1711401 pb, 200.0 generated events
INFO - Processed ConturPoint 0061, with parameter values: {'gAXd': '1.0', 'gAq': '0.25', 'gVXd': '1.0', 'gVl': '0.25', 'gVq': '0.25', 'mXd': '187.77777777777777', 'mY1': '2410.0'}
     - SMBG=0.9999941659143137 
     - EXP=0.9999991400410714 
     - HLEXP=1 

INFO - No match found in the Contur Model database for the model in /unix/cedar/junyingwu/contur_compare/dissertation_runs/observable_isolated_20260803T004228+0100/runs/unprofiled_1_modified/RunInfo.
       If you want this to be added, copy the sources files into the contur Models area and remake.
INFO - No run block in /unix/cedar/junyingwu/contur_compare/grid_snapshot/param_file.dat. Will use environment variables
INFO - Writing summary for grid mode into database: /unix/cedar/junyingwu/contur_compare/dissertation_runs/observable_isolated_20260803T004228+0100/runs/unprofiled_1_modified/./ANALYSIS/contur_run.db
INFO - Writing runpoint 0061 to database
INFO - Run point 0061 written to /unix/cedar/junyingwu/contur_compare/dissertation_runs/observable_isolated_20260803T004228+0100/runs/unprofiled_1_modified/./ANALYSIS/contur_run.db
INFO - Found 1833 potentially valid histograms in /unix/cedar/junyingwu/contur_compare/grid_snapshot/13TeV/0062/runpoint_0062.yoda.gz
INFO - Cross section 1.351715 pb, 200.0 generated events
INFO - Found 13 potentially valid histograms in /unix/cedar/junyingwu/contur_compare/grid_snapshot/7TeV/0062/runpoint_0062.yoda.gz
INFO - Cross section 0.0830226 pb, 200.0 generated events
INFO - Found 456 potentially valid histograms in /unix/cedar/junyingwu/contur_compare/grid_snapshot/8TeV/0062/runpoint_0062.yoda.gz
INFO - Cross section 0.1707104 pb, 200.0 generated events
INFO - Processed ConturPoint 0062, with parameter values: {'gAXd': '1.0', 'gAq': '0.25', 'gVXd': '1.0', 'gVl': '0.25', 'gVq': '0.25', 'mXd': '365.55555555555554', 'mY1': '2410.0'}
     - SMBG=0.9999900701414772 
     - EXP=0.999999597189032 
     - HLEXP=1 

INFO - No match found in the Contur Model database for the model in /unix/cedar/junyingwu/contur_compare/dissertation_runs/observable_isolated_20260803T004228+0100/runs/unprofiled_1_modified/RunInfo.
       If you want this to be added, copy the sources files into the contur Models area and remake.
INFO - No run block in /unix/cedar/junyingwu/contur_compare/grid_snapshot/param_file.dat. Will use environment variables
INFO - Writing summary for grid mode into database: /unix/cedar/junyingwu/contur_compare/dissertation_runs/observable_isolated_20260803T004228+0100/runs/unprofiled_1_modified/./ANALYSIS/contur_run.db
INFO - Writing runpoint 0062 to database
INFO - Run point 0062 written to /unix/cedar/junyingwu/contur_compare/dissertation_runs/observable_isolated_20260803T004228+0100/runs/unprofiled_1_modified/./ANALYSIS/contur_run.db
INFO - Found 1833 potentially valid histograms in /unix/cedar/junyingwu/contur_compare/grid_snapshot/13TeV/0063/runpoint_0063.yoda.gz
INFO - Cross section 1.31635 pb, 200.0 generated events
INFO - Found 13 potentially valid histograms in /unix/cedar/junyingwu/contur_compare/grid_snapshot/7TeV/0063/runpoint_0063.yoda.gz
INFO - Cross section 0.08032745 pb, 200.0 generated events
INFO - Found 456 potentially valid histograms in /unix/cedar/junyingwu/contur_compare/grid_snapshot/8TeV/0063/runpoint_0063.yoda.gz
INFO - Cross section 0.1676721 pb, 200.0 generated events
INFO - Processed ConturPoint 0063, with parameter values: {'gAXd': '1.0', 'gAq': '0.25', 'gVXd': '1.0', 'gVl': '0.25', 'gVq': '0.25', 'mXd': '543.3333333333333', 'mY1': '2410.0'}
     - SMBG=0.9999762965267259 
     - EXP=0.999992501261617 
     - HLEXP=1 

INFO - No match found in the Contur Model database for the model in /unix/cedar/junyingwu/contur_compare/dissertation_runs/observable_isolated_20260803T004228+0100/runs/unprofiled_1_modified/RunInfo.
       If you want this to be added, copy the sources files into the contur Models area and remake.
INFO - No run block in /unix/cedar/junyingwu/contur_compare/grid_snapshot/param_file.dat. Will use environment variables
INFO - Writing summary for grid mode into database: /unix/cedar/junyingwu/contur_compare/dissertation_runs/observable_isolated_20260803T004228+0100/runs/unprofiled_1_modified/./ANALYSIS/contur_run.db
INFO - Writing runpoint 0063 to database
INFO - Run point 0063 written to /unix/cedar/junyingwu/contur_compare/dissertation_runs/observable_isolated_20260803T004228+0100/runs/unprofiled_1_modified/./ANALYSIS/contur_run.db
INFO - Found 1833 potentially valid histograms in /unix/cedar/junyingwu/contur_compare/grid_snapshot/13TeV/0064/runpoint_0064.yoda.gz
INFO - Cross section 1.301485 pb, 200.0 generated events
INFO - Found 13 potentially valid histograms in /unix/cedar/junyingwu/contur_compare/grid_snapshot/7TeV/0064/runpoint_0064.yoda.gz
INFO - Cross section 0.07750604 pb, 200.0 generated events
INFO - Found 456 potentially valid histograms in /unix/cedar/junyingwu/contur_compare/grid_snapshot/8TeV/0064/runpoint_0064.yoda.gz
INFO - Cross section 0.1484691 pb, 200.0 generated events
INFO - Processed ConturPoint 0064, with parameter values: {'gAXd': '1.0', 'gAq': '0.25', 'gVXd': '1.0', 'gVl': '0.25', 'gVq': '0.25', 'mXd': '721.1111111111111', 'mY1': '2410.0'}
     - SMBG=0.999999909503496 
     - EXP=0.9999999925909998 
     - HLEXP=1 

INFO - No match found in the Contur Model database for the model in /unix/cedar/junyingwu/contur_compare/dissertation_runs/observable_isolated_20260803T004228+0100/runs/unprofiled_1_modified/RunInfo.
       If you want this to be added, copy the sources files into the contur Models area and remake.
INFO - No run block in /unix/cedar/junyingwu/contur_compare/grid_snapshot/param_file.dat. Will use environment variables
INFO - Writing summary for grid mode into database: /unix/cedar/junyingwu/contur_compare/dissertation_runs/observable_isolated_20260803T004228+0100/runs/unprofiled_1_modified/./ANALYSIS/contur_run.db
INFO - Writing runpoint 0064 to database
INFO - Run point 0064 written to /unix/cedar/junyingwu/contur_compare/dissertation_runs/observable_isolated_20260803T004228+0100/runs/unprofiled_1_modified/./ANALYSIS/contur_run.db
INFO - Found 1833 potentially valid histograms in /unix/cedar/junyingwu/contur_compare/grid_snapshot/13TeV/0065/runpoint_0065.yoda.gz
INFO - Cross section 1.323114 pb, 200.0 generated events
INFO - Found 13 potentially valid histograms in /unix/cedar/junyingwu/contur_compare/grid_snapshot/7TeV/0065/runpoint_0065.yoda.gz
INFO - Cross section 0.07450217 pb, 200.0 generated events
INFO - Found 456 potentially valid histograms in /unix/cedar/junyingwu/contur_compare/grid_snapshot/8TeV/0065/runpoint_0065.yoda.gz
INFO - Cross section 0.1509738 pb, 200.0 generated events
INFO - Processed ConturPoint 0065, with parameter values: {'gAXd': '1.0', 'gAq': '0.25', 'gVXd': '1.0', 'gVl': '0.25', 'gVq': '0.25', 'mXd': '898.8888888888889', 'mY1': '2410.0'}
     - SMBG=0.9999902635878777 
     - EXP=0.9999907506038129 
     - HLEXP=1 

INFO - No match found in the Contur Model database for the model in /unix/cedar/junyingwu/contur_compare/dissertation_runs/observable_isolated_20260803T004228+0100/runs/unprofiled_1_modified/RunInfo.
       If you want this to be added, copy the sources files into the contur Models area and remake.
INFO - No run block in /unix/cedar/junyingwu/contur_compare/grid_snapshot/param_file.dat. Will use environment variables
INFO - Writing summary for grid mode into database: /unix/cedar/junyingwu/contur_compare/dissertation_runs/observable_isolated_20260803T004228+0100/runs/unprofiled_1_modified/./ANALYSIS/contur_run.db
INFO - Writing runpoint 0065 to database
INFO - Run point 0065 written to /unix/cedar/junyingwu/contur_compare/dissertation_runs/observable_isolated_20260803T004228+0100/runs/unprofiled_1_modified/./ANALYSIS/contur_run.db
INFO - Found 1833 potentially valid histograms in /unix/cedar/junyingwu/contur_compare/grid_snapshot/13TeV/0066/runpoint_0066.yoda.gz
INFO - Cross section 1.245937 pb, 200.0 generated events
INFO - Found 13 potentially valid histograms in /unix/cedar/junyingwu/contur_compare/grid_snapshot/7TeV/0066/runpoint_0066.yoda.gz
INFO - Cross section 0.07404817 pb, 200.0 generated events
INFO - Found 456 potentially valid histograms in /unix/cedar/junyingwu/contur_compare/grid_snapshot/8TeV/0066/runpoint_0066.yoda.gz
INFO - Cross section 0.1480744 pb, 200.0 generated events
INFO - Processed ConturPoint 0066, with parameter values: {'gAXd': '1.0', 'gAq': '0.25', 'gVXd': '1.0', 'gVl': '0.25', 'gVq': '0.25', 'mXd': '1076.6666666666665', 'mY1': '2410.0'}
     - SMBG=0.9999958331144444 
     - EXP=0.9999998493042396 
     - HLEXP=1 

INFO - No match found in the Contur Model database for the model in /unix/cedar/junyingwu/contur_compare/dissertation_runs/observable_isolated_20260803T004228+0100/runs/unprofiled_1_modified/RunInfo.
       If you want this to be added, copy the sources files into the contur Models area and remake.
INFO - No run block in /unix/cedar/junyingwu/contur_compare/grid_snapshot/param_file.dat. Will use environment variables
INFO - Writing summary for grid mode into database: /unix/cedar/junyingwu/contur_compare/dissertation_runs/observable_isolated_20260803T004228+0100/runs/unprofiled_1_modified/./ANALYSIS/contur_run.db
INFO - Writing runpoint 0066 to database
INFO - Run point 0066 written to /unix/cedar/junyingwu/contur_compare/dissertation_runs/observable_isolated_20260803T004228+0100/runs/unprofiled_1_modified/./ANALYSIS/contur_run.db
INFO - Found 1833 potentially valid histograms in /unix/cedar/junyingwu/contur_compare/grid_snapshot/13TeV/0067/runpoint_0067.yoda.gz
INFO - Cross section 1.24164 pb, 200.0 generated events
INFO - Found 13 potentially valid histograms in /unix/cedar/junyingwu/contur_compare/grid_snapshot/7TeV/0067/runpoint_0067.yoda.gz
INFO - Cross section 0.08477689 pb, 200.0 generated events
INFO - Found 456 potentially valid histograms in /unix/cedar/junyingwu/contur_compare/grid_snapshot/8TeV/0067/runpoint_0067.yoda.gz
INFO - Cross section 0.1480085 pb, 200.0 generated events
INFO - Processed ConturPoint 0067, with parameter values: {'gAXd': '1.0', 'gAq': '0.25', 'gVXd': '1.0', 'gVl': '0.25', 'gVq': '0.25', 'mXd': '1254.4444444444443', 'mY1': '2410.0'}
     - SMBG=0.9999998740439403 
     - EXP=0.9999999458549534 
     - HLEXP=1 

INFO - No match found in the Contur Model database for the model in /unix/cedar/junyingwu/contur_compare/dissertation_runs/observable_isolated_20260803T004228+0100/runs/unprofiled_1_modified/RunInfo.
       If you want this to be added, copy the sources files into the contur Models area and remake.
INFO - No run block in /unix/cedar/junyingwu/contur_compare/grid_snapshot/param_file.dat. Will use environment variables
INFO - Writing summary for grid mode into database: /unix/cedar/junyingwu/contur_compare/dissertation_runs/observable_isolated_20260803T004228+0100/runs/unprofiled_1_modified/./ANALYSIS/contur_run.db
INFO - Writing runpoint 0067 to database
INFO - Run point 0067 written to /unix/cedar/junyingwu/contur_compare/dissertation_runs/observable_isolated_20260803T004228+0100/runs/unprofiled_1_modified/./ANALYSIS/contur_run.db
INFO - Found 1833 potentially valid histograms in /unix/cedar/junyingwu/contur_compare/grid_snapshot/13TeV/0068/runpoint_0068.yoda.gz
INFO - Cross section 1.232203 pb, 200.0 generated events
INFO - Found 13 potentially valid histograms in /unix/cedar/junyingwu/contur_compare/grid_snapshot/7TeV/0068/runpoint_0068.yoda.gz
INFO - Cross section 0.07157514 pb, 200.0 generated events
INFO - Found 456 potentially valid histograms in /unix/cedar/junyingwu/contur_compare/grid_snapshot/8TeV/0068/runpoint_0068.yoda.gz
INFO - Cross section 0.1517927 pb, 200.0 generated events
INFO - Processed ConturPoint 0068, with parameter values: {'gAXd': '1.0', 'gAq': '0.25', 'gVXd': '1.0', 'gVl': '0.25', 'gVq': '0.25', 'mXd': '1432.2222222222222', 'mY1': '2410.0'}
     - SMBG=0.9999999591658302 
     - EXP=0.9999999913127094 
     - HLEXP=1 

INFO - No match found in the Contur Model database for the model in /unix/cedar/junyingwu/contur_compare/dissertation_runs/observable_isolated_20260803T004228+0100/runs/unprofiled_1_modified/RunInfo.
       If you want this to be added, copy the sources files into the contur Models area and remake.
INFO - No run block in /unix/cedar/junyingwu/contur_compare/grid_snapshot/param_file.dat. Will use environment variables
INFO - Writing summary for grid mode into database: /unix/cedar/junyingwu/contur_compare/dissertation_runs/observable_isolated_20260803T004228+0100/runs/unprofiled_1_modified/./ANALYSIS/contur_run.db
INFO - Writing runpoint 0068 to database
INFO - Run point 0068 written to /unix/cedar/junyingwu/contur_compare/dissertation_runs/observable_isolated_20260803T004228+0100/runs/unprofiled_1_modified/./ANALYSIS/contur_run.db
INFO - Found 1833 potentially valid histograms in /unix/cedar/junyingwu/contur_compare/grid_snapshot/13TeV/0069/runpoint_0069.yoda.gz
INFO - Cross section 1.191623 pb, 200.0 generated events
INFO - Found 13 potentially valid histograms in /unix/cedar/junyingwu/contur_compare/grid_snapshot/7TeV/0069/runpoint_0069.yoda.gz
INFO - Cross section 0.07485962 pb, 200.0 generated events
INFO - Found 456 potentially valid histograms in /unix/cedar/junyingwu/contur_compare/grid_snapshot/8TeV/0069/runpoint_0069.yoda.gz
INFO - Cross section 0.1411397 pb, 200.0 generated events
INFO - Processed ConturPoint 0069, with parameter values: {'gAXd': '1.0', 'gAq': '0.25', 'gVXd': '1.0', 'gVl': '0.25', 'gVq': '0.25', 'mXd': '1610.0', 'mY1': '2410.0'}
     - SMBG=0.9999999163473835 
     - EXP=0.9999999972613466 
     - HLEXP=1 

INFO - No match found in the Contur Model database for the model in /unix/cedar/junyingwu/contur_compare/dissertation_runs/observable_isolated_20260803T004228+0100/runs/unprofiled_1_modified/RunInfo.
       If you want this to be added, copy the sources files into the contur Models area and remake.
INFO - No run block in /unix/cedar/junyingwu/contur_compare/grid_snapshot/param_file.dat. Will use environment variables
INFO - Writing summary for grid mode into database: /unix/cedar/junyingwu/contur_compare/dissertation_runs/observable_isolated_20260803T004228+0100/runs/unprofiled_1_modified/./ANALYSIS/contur_run.db
INFO - Writing runpoint 0069 to database
INFO - Run point 0069 written to /unix/cedar/junyingwu/contur_compare/dissertation_runs/observable_isolated_20260803T004228+0100/runs/unprofiled_1_modified/./ANALYSIS/contur_run.db
INFO - Found 1833 potentially valid histograms in /unix/cedar/junyingwu/contur_compare/grid_snapshot/13TeV/0070/runpoint_0070.yoda.gz
INFO - Cross section 0.59985 pb, 200.0 generated events
INFO - Found 13 potentially valid histograms in /unix/cedar/junyingwu/contur_compare/grid_snapshot/7TeV/0070/runpoint_0070.yoda.gz
INFO - Cross section 0.04308578 pb, 200.0 generated events
INFO - Found 456 potentially valid histograms in /unix/cedar/junyingwu/contur_compare/grid_snapshot/8TeV/0070/runpoint_0070.yoda.gz
INFO - Cross section 0.07319042 pb, 200.0 generated events
INFO - Processed ConturPoint 0070, with parameter values: {'gAXd': '1.0', 'gAq': '0.25', 'gVXd': '1.0', 'gVl': '0.25', 'gVq': '0.25', 'mXd': '10.0', 'mY1': '2810.0'}
     - SMBG=0.961751973797559 
     - EXP=0.9926349586327173 
     - HLEXP=1 

INFO - No match found in the Contur Model database for the model in /unix/cedar/junyingwu/contur_compare/dissertation_runs/observable_isolated_20260803T004228+0100/runs/unprofiled_1_modified/RunInfo.
       If you want this to be added, copy the sources files into the contur Models area and remake.
INFO - No run block in /unix/cedar/junyingwu/contur_compare/grid_snapshot/param_file.dat. Will use environment variables
INFO - Writing summary for grid mode into database: /unix/cedar/junyingwu/contur_compare/dissertation_runs/observable_isolated_20260803T004228+0100/runs/unprofiled_1_modified/./ANALYSIS/contur_run.db
INFO - Writing runpoint 0070 to database
INFO - Run point 0070 written to /unix/cedar/junyingwu/contur_compare/dissertation_runs/observable_isolated_20260803T004228+0100/runs/unprofiled_1_modified/./ANALYSIS/contur_run.db
INFO - Found 1833 potentially valid histograms in /unix/cedar/junyingwu/contur_compare/grid_snapshot/13TeV/0071/runpoint_0071.yoda.gz
INFO - Cross section 0.5532125 pb, 200.0 generated events
INFO - Found 13 potentially valid histograms in /unix/cedar/junyingwu/contur_compare/grid_snapshot/7TeV/0071/runpoint_0071.yoda.gz
INFO - Cross section 0.03440222 pb, 200.0 generated events
INFO - Found 456 potentially valid histograms in /unix/cedar/junyingwu/contur_compare/grid_snapshot/8TeV/0071/runpoint_0071.yoda.gz
INFO - Cross section 0.06412174 pb, 200.0 generated events
INFO - Processed ConturPoint 0071, with parameter values: {'gAXd': '1.0', 'gAq': '0.25', 'gVXd': '1.0', 'gVl': '0.25', 'gVq': '0.25', 'mXd': '187.77777777777777', 'mY1': '2810.0'}
     - SMBG=0.9988292964135247 
     - EXP=0.999579595509472 
     - HLEXP=1 

INFO - No match found in the Contur Model database for the model in /unix/cedar/junyingwu/contur_compare/dissertation_runs/observable_isolated_20260803T004228+0100/runs/unprofiled_1_modified/RunInfo.
       If you want this to be added, copy the sources files into the contur Models area and remake.
INFO - No run block in /unix/cedar/junyingwu/contur_compare/grid_snapshot/param_file.dat. Will use environment variables
INFO - Writing summary for grid mode into database: /unix/cedar/junyingwu/contur_compare/dissertation_runs/observable_isolated_20260803T004228+0100/runs/unprofiled_1_modified/./ANALYSIS/contur_run.db
INFO - Writing runpoint 0071 to database
INFO - Run point 0071 written to /unix/cedar/junyingwu/contur_compare/dissertation_runs/observable_isolated_20260803T004228+0100/runs/unprofiled_1_modified/./ANALYSIS/contur_run.db
INFO - Found 1833 potentially valid histograms in /unix/cedar/junyingwu/contur_compare/grid_snapshot/13TeV/0072/runpoint_0072.yoda.gz
INFO - Cross section 0.5813704 pb, 200.0 generated events
INFO - Found 13 potentially valid histograms in /unix/cedar/junyingwu/contur_compare/grid_snapshot/7TeV/0072/runpoint_0072.yoda.gz
INFO - Cross section 0.02785637 pb, 200.0 generated events
INFO - Found 456 potentially valid histograms in /unix/cedar/junyingwu/contur_compare/grid_snapshot/8TeV/0072/runpoint_0072.yoda.gz
INFO - Cross section 0.05666735 pb, 200.0 generated events
INFO - Processed ConturPoint 0072, with parameter values: {'gAXd': '1.0', 'gAq': '0.25', 'gVXd': '1.0', 'gVl': '0.25', 'gVq': '0.25', 'mXd': '365.55555555555554', 'mY1': '2810.0'}
     - SMBG=0.9977432678931011 
     - EXP=0.9993785431816103 
     - HLEXP=1 

INFO - No match found in the Contur Model database for the model in /unix/cedar/junyingwu/contur_compare/dissertation_runs/observable_isolated_20260803T004228+0100/runs/unprofiled_1_modified/RunInfo.
       If you want this to be added, copy the sources files into the contur Models area and remake.
INFO - No run block in /unix/cedar/junyingwu/contur_compare/grid_snapshot/param_file.dat. Will use environment variables
INFO - Writing summary for grid mode into database: /unix/cedar/junyingwu/contur_compare/dissertation_runs/observable_isolated_20260803T004228+0100/runs/unprofiled_1_modified/./ANALYSIS/contur_run.db
INFO - Writing runpoint 0072 to database
INFO - Run point 0072 written to /unix/cedar/junyingwu/contur_compare/dissertation_runs/observable_isolated_20260803T004228+0100/runs/unprofiled_1_modified/./ANALYSIS/contur_run.db
INFO - Found 1833 potentially valid histograms in /unix/cedar/junyingwu/contur_compare/grid_snapshot/13TeV/0073/runpoint_0073.yoda.gz
INFO - Cross section 0.5339715 pb, 200.0 generated events
INFO - Found 13 potentially valid histograms in /unix/cedar/junyingwu/contur_compare/grid_snapshot/7TeV/0073/runpoint_0073.yoda.gz
INFO - Cross section 0.02836796 pb, 200.0 generated events
INFO - Found 456 potentially valid histograms in /unix/cedar/junyingwu/contur_compare/grid_snapshot/8TeV/0073/runpoint_0073.yoda.gz
INFO - Cross section 0.05190232 pb, 200.0 generated events
INFO - Processed ConturPoint 0073, with parameter values: {'gAXd': '1.0', 'gAq': '0.25', 'gVXd': '1.0', 'gVl': '0.25', 'gVq': '0.25', 'mXd': '543.3333333333333', 'mY1': '2810.0'}
     - SMBG=0.9987998414949764 
     - EXP=0.9992994252562752 
     - HLEXP=1 

INFO - No match found in the Contur Model database for the model in /unix/cedar/junyingwu/contur_compare/dissertation_runs/observable_isolated_20260803T004228+0100/runs/unprofiled_1_modified/RunInfo.
       If you want this to be added, copy the sources files into the contur Models area and remake.
INFO - No run block in /unix/cedar/junyingwu/contur_compare/grid_snapshot/param_file.dat. Will use environment variables
INFO - Writing summary for grid mode into database: /unix/cedar/junyingwu/contur_compare/dissertation_runs/observable_isolated_20260803T004228+0100/runs/unprofiled_1_modified/./ANALYSIS/contur_run.db
INFO - Writing runpoint 0073 to database
INFO - Run point 0073 written to /unix/cedar/junyingwu/contur_compare/dissertation_runs/observable_isolated_20260803T004228+0100/runs/unprofiled_1_modified/./ANALYSIS/contur_run.db
INFO - Found 1833 potentially valid histograms in /unix/cedar/junyingwu/contur_compare/grid_snapshot/13TeV/0074/runpoint_0074.yoda.gz
INFO - Cross section 0.5497325 pb, 200.0 generated events
INFO - Found 13 potentially valid histograms in /unix/cedar/junyingwu/contur_compare/grid_snapshot/7TeV/0074/runpoint_0074.yoda.gz
INFO - Cross section 0.02533801 pb, 200.0 generated events
INFO - Found 456 potentially valid histograms in /unix/cedar/junyingwu/contur_compare/grid_snapshot/8TeV/0074/runpoint_0074.yoda.gz
INFO - Cross section 0.05329292 pb, 200.0 generated events
INFO - Processed ConturPoint 0074, with parameter values: {'gAXd': '1.0', 'gAq': '0.25', 'gVXd': '1.0', 'gVl': '0.25', 'gVq': '0.25', 'mXd': '721.1111111111111', 'mY1': '2810.0'}
     - SMBG=0.9969154462844025 
     - EXP=0.9986327588484366 
     - HLEXP=1 

INFO - No match found in the Contur Model database for the model in /unix/cedar/junyingwu/contur_compare/dissertation_runs/observable_isolated_20260803T004228+0100/runs/unprofiled_1_modified/RunInfo.
       If you want this to be added, copy the sources files into the contur Models area and remake.
INFO - No run block in /unix/cedar/junyingwu/contur_compare/grid_snapshot/param_file.dat. Will use environment variables
INFO - Writing summary for grid mode into database: /unix/cedar/junyingwu/contur_compare/dissertation_runs/observable_isolated_20260803T004228+0100/runs/unprofiled_1_modified/./ANALYSIS/contur_run.db
INFO - Writing runpoint 0074 to database
INFO - Run point 0074 written to /unix/cedar/junyingwu/contur_compare/dissertation_runs/observable_isolated_20260803T004228+0100/runs/unprofiled_1_modified/./ANALYSIS/contur_run.db
INFO - Found 1833 potentially valid histograms in /unix/cedar/junyingwu/contur_compare/grid_snapshot/13TeV/0075/runpoint_0075.yoda.gz
INFO - Cross section 0.5274519 pb, 200.0 generated events
INFO - Found 13 potentially valid histograms in /unix/cedar/junyingwu/contur_compare/grid_snapshot/7TeV/0075/runpoint_0075.yoda.gz
INFO - Cross section 0.02563863 pb, 200.0 generated events
INFO - Found 456 potentially valid histograms in /unix/cedar/junyingwu/contur_compare/grid_snapshot/8TeV/0075/runpoint_0075.yoda.gz
INFO - Cross section 0.05082742 pb, 200.0 generated events
INFO - Processed ConturPoint 0075, with parameter values: {'gAXd': '1.0', 'gAq': '0.25', 'gVXd': '1.0', 'gVl': '0.25', 'gVq': '0.25', 'mXd': '898.8888888888889', 'mY1': '2810.0'}
     - SMBG=0.9977621196692327 
     - EXP=0.9989678455774318 
     - HLEXP=1 

INFO - No match found in the Contur Model database for the model in /unix/cedar/junyingwu/contur_compare/dissertation_runs/observable_isolated_20260803T004228+0100/runs/unprofiled_1_modified/RunInfo.
       If you want this to be added, copy the sources files into the contur Models area and remake.
INFO - No run block in /unix/cedar/junyingwu/contur_compare/grid_snapshot/param_file.dat. Will use environment variables
INFO - Writing summary for grid mode into database: /unix/cedar/junyingwu/contur_compare/dissertation_runs/observable_isolated_20260803T004228+0100/runs/unprofiled_1_modified/./ANALYSIS/contur_run.db
INFO - Writing runpoint 0075 to database
INFO - Run point 0075 written to /unix/cedar/junyingwu/contur_compare/dissertation_runs/observable_isolated_20260803T004228+0100/runs/unprofiled_1_modified/./ANALYSIS/contur_run.db
INFO - Found 1833 potentially valid histograms in /unix/cedar/junyingwu/contur_compare/grid_snapshot/13TeV/0076/runpoint_0076.yoda.gz
INFO - Cross section 0.5127912 pb, 200.0 generated events
INFO - Found 13 potentially valid histograms in /unix/cedar/junyingwu/contur_compare/grid_snapshot/7TeV/0076/runpoint_0076.yoda.gz
INFO - Cross section 0.02570915 pb, 200.0 generated events
INFO - Found 456 potentially valid histograms in /unix/cedar/junyingwu/contur_compare/grid_snapshot/8TeV/0076/runpoint_0076.yoda.gz
INFO - Cross section 0.05086689 pb, 200.0 generated events
INFO - Processed ConturPoint 0076, with parameter values: {'gAXd': '1.0', 'gAq': '0.25', 'gVXd': '1.0', 'gVl': '0.25', 'gVq': '0.25', 'mXd': '1076.6666666666665', 'mY1': '2810.0'}
     - SMBG=0.9999684980449262 
     - EXP=0.9999845531223706 
     - HLEXP=1 

INFO - No match found in the Contur Model database for the model in /unix/cedar/junyingwu/contur_compare/dissertation_runs/observable_isolated_20260803T004228+0100/runs/unprofiled_1_modified/RunInfo.
       If you want this to be added, copy the sources files into the contur Models area and remake.
INFO - No run block in /unix/cedar/junyingwu/contur_compare/grid_snapshot/param_file.dat. Will use environment variables
INFO - Writing summary for grid mode into database: /unix/cedar/junyingwu/contur_compare/dissertation_runs/observable_isolated_20260803T004228+0100/runs/unprofiled_1_modified/./ANALYSIS/contur_run.db
INFO - Writing runpoint 0076 to database
INFO - Run point 0076 written to /unix/cedar/junyingwu/contur_compare/dissertation_runs/observable_isolated_20260803T004228+0100/runs/unprofiled_1_modified/./ANALYSIS/contur_run.db
INFO - Found 1833 potentially valid histograms in /unix/cedar/junyingwu/contur_compare/grid_snapshot/13TeV/0077/runpoint_0077.yoda.gz
INFO - Cross section 0.4982687 pb, 200.0 generated events
INFO - Found 13 potentially valid histograms in /unix/cedar/junyingwu/contur_compare/grid_snapshot/7TeV/0077/runpoint_0077.yoda.gz
INFO - Cross section 0.02512461 pb, 200.0 generated events
INFO - Found 456 potentially valid histograms in /unix/cedar/junyingwu/contur_compare/grid_snapshot/8TeV/0077/runpoint_0077.yoda.gz
INFO - Cross section 0.0478216 pb, 200.0 generated events
INFO - Processed ConturPoint 0077, with parameter values: {'gAXd': '1.0', 'gAq': '0.25', 'gVXd': '1.0', 'gVl': '0.25', 'gVq': '0.25', 'mXd': '1254.4444444444443', 'mY1': '2810.0'}
     - SMBG=0.9999924161053306 
     - EXP=0.9999904369232556 
     - HLEXP=1 

INFO - No match found in the Contur Model database for the model in /unix/cedar/junyingwu/contur_compare/dissertation_runs/observable_isolated_20260803T004228+0100/runs/unprofiled_1_modified/RunInfo.
       If you want this to be added, copy the sources files into the contur Models area and remake.
INFO - No run block in /unix/cedar/junyingwu/contur_compare/grid_snapshot/param_file.dat. Will use environment variables
INFO - Writing summary for grid mode into database: /unix/cedar/junyingwu/contur_compare/dissertation_runs/observable_isolated_20260803T004228+0100/runs/unprofiled_1_modified/./ANALYSIS/contur_run.db
INFO - Writing runpoint 0077 to database
INFO - Run point 0077 written to /unix/cedar/junyingwu/contur_compare/dissertation_runs/observable_isolated_20260803T004228+0100/runs/unprofiled_1_modified/./ANALYSIS/contur_run.db
INFO - Found 1833 potentially valid histograms in /unix/cedar/junyingwu/contur_compare/grid_snapshot/13TeV/0078/runpoint_0078.yoda.gz
INFO - Cross section 0.5500984 pb, 200.0 generated events
INFO - Found 13 potentially valid histograms in /unix/cedar/junyingwu/contur_compare/grid_snapshot/7TeV/0078/runpoint_0078.yoda.gz
INFO - Cross section 0.02576931 pb, 200.0 generated events
INFO - Found 456 potentially valid histograms in /unix/cedar/junyingwu/contur_compare/grid_snapshot/8TeV/0078/runpoint_0078.yoda.gz
INFO - Cross section 0.05404289 pb, 200.0 generated events
INFO - Processed ConturPoint 0078, with parameter values: {'gAXd': '1.0', 'gAq': '0.25', 'gVXd': '1.0', 'gVl': '0.25', 'gVq': '0.25', 'mXd': '1432.2222222222222', 'mY1': '2810.0'}
     - SMBG=0.9999945386220215 
     - EXP=0.9999983406169954 
     - HLEXP=1 

INFO - No match found in the Contur Model database for the model in /unix/cedar/junyingwu/contur_compare/dissertation_runs/observable_isolated_20260803T004228+0100/runs/unprofiled_1_modified/RunInfo.
       If you want this to be added, copy the sources files into the contur Models area and remake.
INFO - No run block in /unix/cedar/junyingwu/contur_compare/grid_snapshot/param_file.dat. Will use environment variables
INFO - Writing summary for grid mode into database: /unix/cedar/junyingwu/contur_compare/dissertation_runs/observable_isolated_20260803T004228+0100/runs/unprofiled_1_modified/./ANALYSIS/contur_run.db
INFO - Writing runpoint 0078 to database
INFO - Run point 0078 written to /unix/cedar/junyingwu/contur_compare/dissertation_runs/observable_isolated_20260803T004228+0100/runs/unprofiled_1_modified/./ANALYSIS/contur_run.db
INFO - Found 1833 potentially valid histograms in /unix/cedar/junyingwu/contur_compare/grid_snapshot/13TeV/0079/runpoint_0079.yoda.gz
INFO - Cross section 0.5235842 pb, 200.0 generated events
INFO - Found 13 potentially valid histograms in /unix/cedar/junyingwu/contur_compare/grid_snapshot/7TeV/0079/runpoint_0079.yoda.gz
INFO - Cross section 0.0256417 pb, 200.0 generated events
INFO - Found 456 potentially valid histograms in /unix/cedar/junyingwu/contur_compare/grid_snapshot/8TeV/0079/runpoint_0079.yoda.gz
INFO - Cross section 0.04908499 pb, 200.0 generated events
INFO - Processed ConturPoint 0079, with parameter values: {'gAXd': '1.0', 'gAq': '0.25', 'gVXd': '1.0', 'gVl': '0.25', 'gVq': '0.25', 'mXd': '1610.0', 'mY1': '2810.0'}
     - SMBG=0.9999999908079258 
     - EXP=0.9999999964303034 
     - HLEXP=1 

INFO - No match found in the Contur Model database for the model in /unix/cedar/junyingwu/contur_compare/dissertation_runs/observable_isolated_20260803T004228+0100/runs/unprofiled_1_modified/RunInfo.
       If you want this to be added, copy the sources files into the contur Models area and remake.
INFO - No run block in /unix/cedar/junyingwu/contur_compare/grid_snapshot/param_file.dat. Will use environment variables
INFO - Writing summary for grid mode into database: /unix/cedar/junyingwu/contur_compare/dissertation_runs/observable_isolated_20260803T004228+0100/runs/unprofiled_1_modified/./ANALYSIS/contur_run.db
INFO - Writing runpoint 0079 to database
INFO - Run point 0079 written to /unix/cedar/junyingwu/contur_compare/dissertation_runs/observable_isolated_20260803T004228+0100/runs/unprofiled_1_modified/./ANALYSIS/contur_run.db
INFO - Found 1833 potentially valid histograms in /unix/cedar/junyingwu/contur_compare/grid_snapshot/13TeV/0080/runpoint_0080.yoda.gz
INFO - Cross section 0.2661313 pb, 200.0 generated events
INFO - Found 13 potentially valid histograms in /unix/cedar/junyingwu/contur_compare/grid_snapshot/7TeV/0080/runpoint_0080.yoda.gz
INFO - Cross section 0.02194901 pb, 200.0 generated events
INFO - Found 456 potentially valid histograms in /unix/cedar/junyingwu/contur_compare/grid_snapshot/8TeV/0080/runpoint_0080.yoda.gz
INFO - Cross section 0.03211378 pb, 200.0 generated events
INFO - Processed ConturPoint 0080, with parameter values: {'gAXd': '1.0', 'gAq': '0.25', 'gVXd': '1.0', 'gVl': '0.25', 'gVq': '0.25', 'mXd': '10.0', 'mY1': '3210.0'}
     - SMBG=0.9912024733988555 
     - EXP=0.9937976110938249 
     - HLEXP=1 

INFO - No match found in the Contur Model database for the model in /unix/cedar/junyingwu/contur_compare/dissertation_runs/observable_isolated_20260803T004228+0100/runs/unprofiled_1_modified/RunInfo.
       If you want this to be added, copy the sources files into the contur Models area and remake.
INFO - No run block in /unix/cedar/junyingwu/contur_compare/grid_snapshot/param_file.dat. Will use environment variables
INFO - Writing summary for grid mode into database: /unix/cedar/junyingwu/contur_compare/dissertation_runs/observable_isolated_20260803T004228+0100/runs/unprofiled_1_modified/./ANALYSIS/contur_run.db
INFO - Writing runpoint 0080 to database
INFO - Run point 0080 written to /unix/cedar/junyingwu/contur_compare/dissertation_runs/observable_isolated_20260803T004228+0100/runs/unprofiled_1_modified/./ANALYSIS/contur_run.db
INFO - Found 1833 potentially valid histograms in /unix/cedar/junyingwu/contur_compare/grid_snapshot/13TeV/0081/runpoint_0081.yoda.gz
INFO - Cross section 0.2626665 pb, 200.0 generated events
INFO - Found 13 potentially valid histograms in /unix/cedar/junyingwu/contur_compare/grid_snapshot/7TeV/0081/runpoint_0081.yoda.gz
INFO - Cross section 0.01557628 pb, 200.0 generated events
INFO - Found 456 potentially valid histograms in /unix/cedar/junyingwu/contur_compare/grid_snapshot/8TeV/0081/runpoint_0081.yoda.gz
INFO - Cross section 0.02616554 pb, 200.0 generated events
INFO - Processed ConturPoint 0081, with parameter values: {'gAXd': '1.0', 'gAq': '0.25', 'gVXd': '1.0', 'gVl': '0.25', 'gVq': '0.25', 'mXd': '187.77777777777777', 'mY1': '3210.0'}
     - SMBG=0.9907993356811361 
     - EXP=0.9827784152767333 
     - HLEXP=1.0 

INFO - No match found in the Contur Model database for the model in /unix/cedar/junyingwu/contur_compare/dissertation_runs/observable_isolated_20260803T004228+0100/runs/unprofiled_1_modified/RunInfo.
       If you want this to be added, copy the sources files into the contur Models area and remake.
INFO - No run block in /unix/cedar/junyingwu/contur_compare/grid_snapshot/param_file.dat. Will use environment variables
INFO - Writing summary for grid mode into database: /unix/cedar/junyingwu/contur_compare/dissertation_runs/observable_isolated_20260803T004228+0100/runs/unprofiled_1_modified/./ANALYSIS/contur_run.db
INFO - Writing runpoint 0081 to database
INFO - Run point 0081 written to /unix/cedar/junyingwu/contur_compare/dissertation_runs/observable_isolated_20260803T004228+0100/runs/unprofiled_1_modified/./ANALYSIS/contur_run.db
INFO - Found 1833 potentially valid histograms in /unix/cedar/junyingwu/contur_compare/grid_snapshot/13TeV/0082/runpoint_0082.yoda.gz
INFO - Cross section 0.2552744 pb, 200.0 generated events
INFO - Found 13 potentially valid histograms in /unix/cedar/junyingwu/contur_compare/grid_snapshot/7TeV/0082/runpoint_0082.yoda.gz
INFO - Cross section 0.01298368 pb, 200.0 generated events
INFO - Found 456 potentially valid histograms in /unix/cedar/junyingwu/contur_compare/grid_snapshot/8TeV/0082/runpoint_0082.yoda.gz
INFO - Cross section 0.02292819 pb, 200.0 generated events
INFO - Processed ConturPoint 0082, with parameter values: {'gAXd': '1.0', 'gAq': '0.25', 'gVXd': '1.0', 'gVl': '0.25', 'gVq': '0.25', 'mXd': '365.55555555555554', 'mY1': '3210.0'}
     - SMBG=0.9997223055419404 
     - EXP=0.9991306063624382 
     - HLEXP=1 

INFO - No match found in the Contur Model database for the model in /unix/cedar/junyingwu/contur_compare/dissertation_runs/observable_isolated_20260803T004228+0100/runs/unprofiled_1_modified/RunInfo.
       If you want this to be added, copy the sources files into the contur Models area and remake.
INFO - No run block in /unix/cedar/junyingwu/contur_compare/grid_snapshot/param_file.dat. Will use environment variables
INFO - Writing summary for grid mode into database: /unix/cedar/junyingwu/contur_compare/dissertation_runs/observable_isolated_20260803T004228+0100/runs/unprofiled_1_modified/./ANALYSIS/contur_run.db
INFO - Writing runpoint 0082 to database
INFO - Run point 0082 written to /unix/cedar/junyingwu/contur_compare/dissertation_runs/observable_isolated_20260803T004228+0100/runs/unprofiled_1_modified/./ANALYSIS/contur_run.db
INFO - Found 1833 potentially valid histograms in /unix/cedar/junyingwu/contur_compare/grid_snapshot/13TeV/0083/runpoint_0083.yoda.gz
INFO - Cross section 0.2638886 pb, 200.0 generated events
INFO - Found 13 potentially valid histograms in /unix/cedar/junyingwu/contur_compare/grid_snapshot/7TeV/0083/runpoint_0083.yoda.gz
INFO - Cross section 0.01196369 pb, 200.0 generated events
INFO - Found 456 potentially valid histograms in /unix/cedar/junyingwu/contur_compare/grid_snapshot/8TeV/0083/runpoint_0083.yoda.gz
INFO - Cross section 0.02101506 pb, 200.0 generated events
INFO - Processed ConturPoint 0083, with parameter values: {'gAXd': '1.0', 'gAq': '0.25', 'gVXd': '1.0', 'gVl': '0.25', 'gVq': '0.25', 'mXd': '543.3333333333333', 'mY1': '3210.0'}
     - SMBG=0.9881103769454422 
     - EXP=0.9937402085531917 
     - HLEXP=1.0 

INFO - No match found in the Contur Model database for the model in /unix/cedar/junyingwu/contur_compare/dissertation_runs/observable_isolated_20260803T004228+0100/runs/unprofiled_1_modified/RunInfo.
       If you want this to be added, copy the sources files into the contur Models area and remake.
INFO - No run block in /unix/cedar/junyingwu/contur_compare/grid_snapshot/param_file.dat. Will use environment variables
INFO - Writing summary for grid mode into database: /unix/cedar/junyingwu/contur_compare/dissertation_runs/observable_isolated_20260803T004228+0100/runs/unprofiled_1_modified/./ANALYSIS/contur_run.db
INFO - Writing runpoint 0083 to database
INFO - Run point 0083 written to /unix/cedar/junyingwu/contur_compare/dissertation_runs/observable_isolated_20260803T004228+0100/runs/unprofiled_1_modified/./ANALYSIS/contur_run.db
INFO - Found 1833 potentially valid histograms in /unix/cedar/junyingwu/contur_compare/grid_snapshot/13TeV/0084/runpoint_0084.yoda.gz
INFO - Cross section 0.2475192 pb, 200.0 generated events
INFO - Found 13 potentially valid histograms in /unix/cedar/junyingwu/contur_compare/grid_snapshot/7TeV/0084/runpoint_0084.yoda.gz
INFO - Cross section 0.01195112 pb, 200.0 generated events
INFO - Found 456 potentially valid histograms in /unix/cedar/junyingwu/contur_compare/grid_snapshot/8TeV/0084/runpoint_0084.yoda.gz
INFO - Cross section 0.01993215 pb, 200.0 generated events
INFO - Processed ConturPoint 0084, with parameter values: {'gAXd': '1.0', 'gAq': '0.25', 'gVXd': '1.0', 'gVl': '0.25', 'gVq': '0.25', 'mXd': '721.1111111111111', 'mY1': '3210.0'}
     - SMBG=0.9948654580604889 
     - EXP=0.9955895140664807 
     - HLEXP=1 

INFO - No match found in the Contur Model database for the model in /unix/cedar/junyingwu/contur_compare/dissertation_runs/observable_isolated_20260803T004228+0100/runs/unprofiled_1_modified/RunInfo.
       If you want this to be added, copy the sources files into the contur Models area and remake.
INFO - No run block in /unix/cedar/junyingwu/contur_compare/grid_snapshot/param_file.dat. Will use environment variables
INFO - Writing summary for grid mode into database: /unix/cedar/junyingwu/contur_compare/dissertation_runs/observable_isolated_20260803T004228+0100/runs/unprofiled_1_modified/./ANALYSIS/contur_run.db
INFO - Writing runpoint 0084 to database
INFO - Run point 0084 written to /unix/cedar/junyingwu/contur_compare/dissertation_runs/observable_isolated_20260803T004228+0100/runs/unprofiled_1_modified/./ANALYSIS/contur_run.db
INFO - Found 1833 potentially valid histograms in /unix/cedar/junyingwu/contur_compare/grid_snapshot/13TeV/0085/runpoint_0085.yoda.gz
INFO - Cross section 0.2429166 pb, 200.0 generated events
INFO - Found 13 potentially valid histograms in /unix/cedar/junyingwu/contur_compare/grid_snapshot/7TeV/0085/runpoint_0085.yoda.gz
INFO - Cross section 0.01192179 pb, 200.0 generated events
INFO - Found 456 potentially valid histograms in /unix/cedar/junyingwu/contur_compare/grid_snapshot/8TeV/0085/runpoint_0085.yoda.gz
INFO - Cross section 0.02128266 pb, 200.0 generated events
INFO - Processed ConturPoint 0085, with parameter values: {'gAXd': '1.0', 'gAq': '0.25', 'gVXd': '1.0', 'gVl': '0.25', 'gVq': '0.25', 'mXd': '898.8888888888889', 'mY1': '3210.0'}
     - SMBG=0.9870346546948571 
     - EXP=0.9971197288222942 
     - HLEXP=1 

INFO - No match found in the Contur Model database for the model in /unix/cedar/junyingwu/contur_compare/dissertation_runs/observable_isolated_20260803T004228+0100/runs/unprofiled_1_modified/RunInfo.
       If you want this to be added, copy the sources files into the contur Models area and remake.
INFO - No run block in /unix/cedar/junyingwu/contur_compare/grid_snapshot/param_file.dat. Will use environment variables
INFO - Writing summary for grid mode into database: /unix/cedar/junyingwu/contur_compare/dissertation_runs/observable_isolated_20260803T004228+0100/runs/unprofiled_1_modified/./ANALYSIS/contur_run.db
INFO - Writing runpoint 0085 to database
INFO - Run point 0085 written to /unix/cedar/junyingwu/contur_compare/dissertation_runs/observable_isolated_20260803T004228+0100/runs/unprofiled_1_modified/./ANALYSIS/contur_run.db
INFO - Found 1833 potentially valid histograms in /unix/cedar/junyingwu/contur_compare/grid_snapshot/13TeV/0086/runpoint_0086.yoda.gz
INFO - Cross section 0.22718 pb, 200.0 generated events
INFO - Found 13 potentially valid histograms in /unix/cedar/junyingwu/contur_compare/grid_snapshot/7TeV/0086/runpoint_0086.yoda.gz
INFO - Cross section 0.0115472 pb, 200.0 generated events
INFO - Found 456 potentially valid histograms in /unix/cedar/junyingwu/contur_compare/grid_snapshot/8TeV/0086/runpoint_0086.yoda.gz
INFO - Cross section 0.0189779 pb, 200.0 generated events
INFO - Processed ConturPoint 0086, with parameter values: {'gAXd': '1.0', 'gAq': '0.25', 'gVXd': '1.0', 'gVl': '0.25', 'gVq': '0.25', 'mXd': '1076.6666666666665', 'mY1': '3210.0'}
     - SMBG=0.9938991579211172 
     - EXP=0.9977473440188739 
     - HLEXP=1 

INFO - No match found in the Contur Model database for the model in /unix/cedar/junyingwu/contur_compare/dissertation_runs/observable_isolated_20260803T004228+0100/runs/unprofiled_1_modified/RunInfo.
       If you want this to be added, copy the sources files into the contur Models area and remake.
INFO - No run block in /unix/cedar/junyingwu/contur_compare/grid_snapshot/param_file.dat. Will use environment variables
INFO - Writing summary for grid mode into database: /unix/cedar/junyingwu/contur_compare/dissertation_runs/observable_isolated_20260803T004228+0100/runs/unprofiled_1_modified/./ANALYSIS/contur_run.db
INFO - Writing runpoint 0086 to database
INFO - Run point 0086 written to /unix/cedar/junyingwu/contur_compare/dissertation_runs/observable_isolated_20260803T004228+0100/runs/unprofiled_1_modified/./ANALYSIS/contur_run.db
INFO - Found 1833 potentially valid histograms in /unix/cedar/junyingwu/contur_compare/grid_snapshot/13TeV/0087/runpoint_0087.yoda.gz
INFO - Cross section 0.2302371 pb, 200.0 generated events
INFO - Found 13 potentially valid histograms in /unix/cedar/junyingwu/contur_compare/grid_snapshot/7TeV/0087/runpoint_0087.yoda.gz
INFO - Cross section 0.010644 pb, 200.0 generated events
INFO - Found 456 potentially valid histograms in /unix/cedar/junyingwu/contur_compare/grid_snapshot/8TeV/0087/runpoint_0087.yoda.gz
INFO - Cross section 0.019551 pb, 200.0 generated events
INFO - Processed ConturPoint 0087, with parameter values: {'gAXd': '1.0', 'gAq': '0.25', 'gVXd': '1.0', 'gVl': '0.25', 'gVq': '0.25', 'mXd': '1254.4444444444443', 'mY1': '3210.0'}
     - SMBG=0.9997125926074242 
     - EXP=0.9999024527434938 
     - HLEXP=1 

INFO - No match found in the Contur Model database for the model in /unix/cedar/junyingwu/contur_compare/dissertation_runs/observable_isolated_20260803T004228+0100/runs/unprofiled_1_modified/RunInfo.
       If you want this to be added, copy the sources files into the contur Models area and remake.
INFO - No run block in /unix/cedar/junyingwu/contur_compare/grid_snapshot/param_file.dat. Will use environment variables
INFO - Writing summary for grid mode into database: /unix/cedar/junyingwu/contur_compare/dissertation_runs/observable_isolated_20260803T004228+0100/runs/unprofiled_1_modified/./ANALYSIS/contur_run.db
INFO - Writing runpoint 0087 to database
INFO - Run point 0087 written to /unix/cedar/junyingwu/contur_compare/dissertation_runs/observable_isolated_20260803T004228+0100/runs/unprofiled_1_modified/./ANALYSIS/contur_run.db
INFO - Found 1833 potentially valid histograms in /unix/cedar/junyingwu/contur_compare/grid_snapshot/13TeV/0088/runpoint_0088.yoda.gz
INFO - Cross section 0.2207364 pb, 200.0 generated events
INFO - Found 13 potentially valid histograms in /unix/cedar/junyingwu/contur_compare/grid_snapshot/7TeV/0088/runpoint_0088.yoda.gz
INFO - Cross section 0.01094759 pb, 200.0 generated events
INFO - Found 456 potentially valid histograms in /unix/cedar/junyingwu/contur_compare/grid_snapshot/8TeV/0088/runpoint_0088.yoda.gz
INFO - Cross section 0.01881419 pb, 200.0 generated events
INFO - Processed ConturPoint 0088, with parameter values: {'gAXd': '1.0', 'gAq': '0.25', 'gVXd': '1.0', 'gVl': '0.25', 'gVq': '0.25', 'mXd': '1432.2222222222222', 'mY1': '3210.0'}
     - SMBG=0.999837473477325 
     - EXP=0.9998033620000928 
     - HLEXP=1 

INFO - No match found in the Contur Model database for the model in /unix/cedar/junyingwu/contur_compare/dissertation_runs/observable_isolated_20260803T004228+0100/runs/unprofiled_1_modified/RunInfo.
       If you want this to be added, copy the sources files into the contur Models area and remake.
INFO - No run block in /unix/cedar/junyingwu/contur_compare/grid_snapshot/param_file.dat. Will use environment variables
INFO - Writing summary for grid mode into database: /unix/cedar/junyingwu/contur_compare/dissertation_runs/observable_isolated_20260803T004228+0100/runs/unprofiled_1_modified/./ANALYSIS/contur_run.db
INFO - Writing runpoint 0088 to database
INFO - Run point 0088 written to /unix/cedar/junyingwu/contur_compare/dissertation_runs/observable_isolated_20260803T004228+0100/runs/unprofiled_1_modified/./ANALYSIS/contur_run.db
INFO - Found 1833 potentially valid histograms in /unix/cedar/junyingwu/contur_compare/grid_snapshot/13TeV/0089/runpoint_0089.yoda.gz
INFO - Cross section 0.2389484 pb, 200.0 generated events
INFO - Found 13 potentially valid histograms in /unix/cedar/junyingwu/contur_compare/grid_snapshot/7TeV/0089/runpoint_0089.yoda.gz
INFO - Cross section 0.01133483 pb, 200.0 generated events
INFO - Found 456 potentially valid histograms in /unix/cedar/junyingwu/contur_compare/grid_snapshot/8TeV/0089/runpoint_0089.yoda.gz
INFO - Cross section 0.01909438 pb, 200.0 generated events
INFO - Processed ConturPoint 0089, with parameter values: {'gAXd': '1.0', 'gAq': '0.25', 'gVXd': '1.0', 'gVl': '0.25', 'gVq': '0.25', 'mXd': '1610.0', 'mY1': '3210.0'}
     - SMBG=0.9992418759144326 
     - EXP=0.9997129119550242 
     - HLEXP=1 

INFO - No match found in the Contur Model database for the model in /unix/cedar/junyingwu/contur_compare/dissertation_runs/observable_isolated_20260803T004228+0100/runs/unprofiled_1_modified/RunInfo.
       If you want this to be added, copy the sources files into the contur Models area and remake.
INFO - No run block in /unix/cedar/junyingwu/contur_compare/grid_snapshot/param_file.dat. Will use environment variables
INFO - Writing summary for grid mode into database: /unix/cedar/junyingwu/contur_compare/dissertation_runs/observable_isolated_20260803T004228+0100/runs/unprofiled_1_modified/./ANALYSIS/contur_run.db
INFO - Writing runpoint 0089 to database
INFO - Run point 0089 written to /unix/cedar/junyingwu/contur_compare/dissertation_runs/observable_isolated_20260803T004228+0100/runs/unprofiled_1_modified/./ANALYSIS/contur_run.db
INFO - Found 1833 potentially valid histograms in /unix/cedar/junyingwu/contur_compare/grid_snapshot/13TeV/0090/runpoint_0090.yoda.gz
INFO - Cross section 0.1279285 pb, 200.0 generated events
INFO - Found 13 potentially valid histograms in /unix/cedar/junyingwu/contur_compare/grid_snapshot/7TeV/0090/runpoint_0090.yoda.gz
INFO - Cross section 0.01163842 pb, 200.0 generated events
INFO - Found 456 potentially valid histograms in /unix/cedar/junyingwu/contur_compare/grid_snapshot/8TeV/0090/runpoint_0090.yoda.gz
INFO - Cross section 0.01719916 pb, 200.0 generated events
INFO - Processed ConturPoint 0090, with parameter values: {'gAXd': '1.0', 'gAq': '0.25', 'gVXd': '1.0', 'gVl': '0.25', 'gVq': '0.25', 'mXd': '10.0', 'mY1': '3610.0'}
     - SMBG=0.9714156005912484 
     - EXP=0.9431487333550083 
     - HLEXP=1.0 

INFO - No match found in the Contur Model database for the model in /unix/cedar/junyingwu/contur_compare/dissertation_runs/observable_isolated_20260803T004228+0100/runs/unprofiled_1_modified/RunInfo.
       If you want this to be added, copy the sources files into the contur Models area and remake.
INFO - No run block in /unix/cedar/junyingwu/contur_compare/grid_snapshot/param_file.dat. Will use environment variables
INFO - Writing summary for grid mode into database: /unix/cedar/junyingwu/contur_compare/dissertation_runs/observable_isolated_20260803T004228+0100/runs/unprofiled_1_modified/./ANALYSIS/contur_run.db
INFO - Writing runpoint 0090 to database
INFO - Run point 0090 written to /unix/cedar/junyingwu/contur_compare/dissertation_runs/observable_isolated_20260803T004228+0100/runs/unprofiled_1_modified/./ANALYSIS/contur_run.db
INFO - Found 1833 potentially valid histograms in /unix/cedar/junyingwu/contur_compare/grid_snapshot/13TeV/0091/runpoint_0091.yoda.gz
INFO - Cross section 0.1220444 pb, 200.0 generated events
INFO - Found 13 potentially valid histograms in /unix/cedar/junyingwu/contur_compare/grid_snapshot/7TeV/0091/runpoint_0091.yoda.gz
INFO - Cross section 0.00874931 pb, 200.0 generated events
INFO - Found 456 potentially valid histograms in /unix/cedar/junyingwu/contur_compare/grid_snapshot/8TeV/0091/runpoint_0091.yoda.gz
INFO - Cross section 0.01358549 pb, 200.0 generated events
INFO - Processed ConturPoint 0091, with parameter values: {'gAXd': '1.0', 'gAq': '0.25', 'gVXd': '1.0', 'gVl': '0.25', 'gVq': '0.25', 'mXd': '187.77777777777777', 'mY1': '3610.0'}
     - SMBG=0.9404321174912696 
     - EXP=0.9449885223032441 
     - HLEXP=1.0 

INFO - No match found in the Contur Model database for the model in /unix/cedar/junyingwu/contur_compare/dissertation_runs/observable_isolated_20260803T004228+0100/runs/unprofiled_1_modified/RunInfo.
       If you want this to be added, copy the sources files into the contur Models area and remake.
INFO - No run block in /unix/cedar/junyingwu/contur_compare/grid_snapshot/param_file.dat. Will use environment variables
INFO - Writing summary for grid mode into database: /unix/cedar/junyingwu/contur_compare/dissertation_runs/observable_isolated_20260803T004228+0100/runs/unprofiled_1_modified/./ANALYSIS/contur_run.db
INFO - Writing runpoint 0091 to database
INFO - Run point 0091 written to /unix/cedar/junyingwu/contur_compare/dissertation_runs/observable_isolated_20260803T004228+0100/runs/unprofiled_1_modified/./ANALYSIS/contur_run.db
INFO - Found 1833 potentially valid histograms in /unix/cedar/junyingwu/contur_compare/grid_snapshot/13TeV/0092/runpoint_0092.yoda.gz
INFO - Cross section 0.1074738 pb, 200.0 generated events
INFO - Found 13 potentially valid histograms in /unix/cedar/junyingwu/contur_compare/grid_snapshot/7TeV/0092/runpoint_0092.yoda.gz
INFO - Cross section 0.007455828 pb, 200.0 generated events
INFO - Found 456 potentially valid histograms in /unix/cedar/junyingwu/contur_compare/grid_snapshot/8TeV/0092/runpoint_0092.yoda.gz
INFO - Cross section 0.01085855 pb, 200.0 generated events
INFO - Processed ConturPoint 0092, with parameter values: {'gAXd': '1.0', 'gAq': '0.25', 'gVXd': '1.0', 'gVl': '0.25', 'gVq': '0.25', 'mXd': '365.55555555555554', 'mY1': '3610.0'}
     - SMBG=0.9046608967068984 
     - EXP=0.8913050095340189 
     - HLEXP=1.0 

INFO - No match found in the Contur Model database for the model in /unix/cedar/junyingwu/contur_compare/dissertation_runs/observable_isolated_20260803T004228+0100/runs/unprofiled_1_modified/RunInfo.
       If you want this to be added, copy the sources files into the contur Models area and remake.
INFO - No run block in /unix/cedar/junyingwu/contur_compare/grid_snapshot/param_file.dat. Will use environment variables
INFO - Writing summary for grid mode into database: /unix/cedar/junyingwu/contur_compare/dissertation_runs/observable_isolated_20260803T004228+0100/runs/unprofiled_1_modified/./ANALYSIS/contur_run.db
INFO - Writing runpoint 0092 to database
INFO - Run point 0092 written to /unix/cedar/junyingwu/contur_compare/dissertation_runs/observable_isolated_20260803T004228+0100/runs/unprofiled_1_modified/./ANALYSIS/contur_run.db
INFO - Found 1833 potentially valid histograms in /unix/cedar/junyingwu/contur_compare/grid_snapshot/13TeV/0093/runpoint_0093.yoda.gz
INFO - Cross section 0.1183801 pb, 200.0 generated events
INFO - Found 13 potentially valid histograms in /unix/cedar/junyingwu/contur_compare/grid_snapshot/7TeV/0093/runpoint_0093.yoda.gz
INFO - Cross section 0.006765119 pb, 200.0 generated events
INFO - Found 456 potentially valid histograms in /unix/cedar/junyingwu/contur_compare/grid_snapshot/8TeV/0093/runpoint_0093.yoda.gz
INFO - Cross section 0.01025246 pb, 200.0 generated events
INFO - Processed ConturPoint 0093, with parameter values: {'gAXd': '1.0', 'gAq': '0.25', 'gVXd': '1.0', 'gVl': '0.25', 'gVq': '0.25', 'mXd': '543.3333333333333', 'mY1': '3610.0'}
     - SMBG=0.8503312853434166 
     - EXP=0.8967399207507997 
     - HLEXP=1.0 

INFO - No match found in the Contur Model database for the model in /unix/cedar/junyingwu/contur_compare/dissertation_runs/observable_isolated_20260803T004228+0100/runs/unprofiled_1_modified/RunInfo.
       If you want this to be added, copy the sources files into the contur Models area and remake.
INFO - No run block in /unix/cedar/junyingwu/contur_compare/grid_snapshot/param_file.dat. Will use environment variables
INFO - Writing summary for grid mode into database: /unix/cedar/junyingwu/contur_compare/dissertation_runs/observable_isolated_20260803T004228+0100/runs/unprofiled_1_modified/./ANALYSIS/contur_run.db
INFO - Writing runpoint 0093 to database
INFO - Run point 0093 written to /unix/cedar/junyingwu/contur_compare/dissertation_runs/observable_isolated_20260803T004228+0100/runs/unprofiled_1_modified/./ANALYSIS/contur_run.db
INFO - Found 1833 potentially valid histograms in /unix/cedar/junyingwu/contur_compare/grid_snapshot/13TeV/0094/runpoint_0094.yoda.gz
INFO - Cross section 0.1126067 pb, 200.0 generated events
INFO - Found 13 potentially valid histograms in /unix/cedar/junyingwu/contur_compare/grid_snapshot/7TeV/0094/runpoint_0094.yoda.gz
INFO - Cross section 0.006354861 pb, 200.0 generated events
INFO - Found 456 potentially valid histograms in /unix/cedar/junyingwu/contur_compare/grid_snapshot/8TeV/0094/runpoint_0094.yoda.gz
INFO - Cross section 0.01048669 pb, 200.0 generated events
INFO - Processed ConturPoint 0094, with parameter values: {'gAXd': '1.0', 'gAq': '0.25', 'gVXd': '1.0', 'gVl': '0.25', 'gVq': '0.25', 'mXd': '721.1111111111111', 'mY1': '3610.0'}
     - SMBG=0.9685192260794494 
     - EXP=0.970336844722659 
     - HLEXP=1 

INFO - No match found in the Contur Model database for the model in /unix/cedar/junyingwu/contur_compare/dissertation_runs/observable_isolated_20260803T004228+0100/runs/unprofiled_1_modified/RunInfo.
       If you want this to be added, copy the sources files into the contur Models area and remake.
INFO - No run block in /unix/cedar/junyingwu/contur_compare/grid_snapshot/param_file.dat. Will use environment variables
INFO - Writing summary for grid mode into database: /unix/cedar/junyingwu/contur_compare/dissertation_runs/observable_isolated_20260803T004228+0100/runs/unprofiled_1_modified/./ANALYSIS/contur_run.db
INFO - Writing runpoint 0094 to database
INFO - Run point 0094 written to /unix/cedar/junyingwu/contur_compare/dissertation_runs/observable_isolated_20260803T004228+0100/runs/unprofiled_1_modified/./ANALYSIS/contur_run.db
INFO - Found 1833 potentially valid histograms in /unix/cedar/junyingwu/contur_compare/grid_snapshot/13TeV/0095/runpoint_0095.yoda.gz
INFO - Cross section 0.1068208 pb, 200.0 generated events
INFO - Found 13 potentially valid histograms in /unix/cedar/junyingwu/contur_compare/grid_snapshot/7TeV/0095/runpoint_0095.yoda.gz
INFO - Cross section 0.006256914 pb, 200.0 generated events
INFO - Found 456 potentially valid histograms in /unix/cedar/junyingwu/contur_compare/grid_snapshot/8TeV/0095/runpoint_0095.yoda.gz
INFO - Cross section 0.009347268 pb, 200.0 generated events
INFO - Processed ConturPoint 0095, with parameter values: {'gAXd': '1.0', 'gAq': '0.25', 'gVXd': '1.0', 'gVl': '0.25', 'gVq': '0.25', 'mXd': '898.8888888888889', 'mY1': '3610.0'}
     - SMBG=0.9690864843565006 
     - EXP=0.9721738991815703 
     - HLEXP=1.0 

INFO - No match found in the Contur Model database for the model in /unix/cedar/junyingwu/contur_compare/dissertation_runs/observable_isolated_20260803T004228+0100/runs/unprofiled_1_modified/RunInfo.
       If you want this to be added, copy the sources files into the contur Models area and remake.
INFO - No run block in /unix/cedar/junyingwu/contur_compare/grid_snapshot/param_file.dat. Will use environment variables
INFO - Writing summary for grid mode into database: /unix/cedar/junyingwu/contur_compare/dissertation_runs/observable_isolated_20260803T004228+0100/runs/unprofiled_1_modified/./ANALYSIS/contur_run.db
INFO - Writing runpoint 0095 to database
INFO - Run point 0095 written to /unix/cedar/junyingwu/contur_compare/dissertation_runs/observable_isolated_20260803T004228+0100/runs/unprofiled_1_modified/./ANALYSIS/contur_run.db
INFO - Found 1833 potentially valid histograms in /unix/cedar/junyingwu/contur_compare/grid_snapshot/13TeV/0096/runpoint_0096.yoda.gz
INFO - Cross section 0.1057161 pb, 200.0 generated events
INFO - Found 13 potentially valid histograms in /unix/cedar/junyingwu/contur_compare/grid_snapshot/7TeV/0096/runpoint_0096.yoda.gz
INFO - Cross section 0.005876438 pb, 200.0 generated events
INFO - Found 456 potentially valid histograms in /unix/cedar/junyingwu/contur_compare/grid_snapshot/8TeV/0096/runpoint_0096.yoda.gz
INFO - Cross section 0.009460938 pb, 200.0 generated events
INFO - Processed ConturPoint 0096, with parameter values: {'gAXd': '1.0', 'gAq': '0.25', 'gVXd': '1.0', 'gVl': '0.25', 'gVq': '0.25', 'mXd': '1076.6666666666665', 'mY1': '3610.0'}
     - SMBG=0.8934045300435748 
     - EXP=0.9459100668848645 
     - HLEXP=1 

INFO - No match found in the Contur Model database for the model in /unix/cedar/junyingwu/contur_compare/dissertation_runs/observable_isolated_20260803T004228+0100/runs/unprofiled_1_modified/RunInfo.
       If you want this to be added, copy the sources files into the contur Models area and remake.
INFO - No run block in /unix/cedar/junyingwu/contur_compare/grid_snapshot/param_file.dat. Will use environment variables
INFO - Writing summary for grid mode into database: /unix/cedar/junyingwu/contur_compare/dissertation_runs/observable_isolated_20260803T004228+0100/runs/unprofiled_1_modified/./ANALYSIS/contur_run.db
INFO - Writing runpoint 0096 to database
INFO - Run point 0096 written to /unix/cedar/junyingwu/contur_compare/dissertation_runs/observable_isolated_20260803T004228+0100/runs/unprofiled_1_modified/./ANALYSIS/contur_run.db
INFO - Found 1833 potentially valid histograms in /unix/cedar/junyingwu/contur_compare/grid_snapshot/13TeV/0097/runpoint_0097.yoda.gz
INFO - Cross section 0.0997509 pb, 200.0 generated events
INFO - Found 13 potentially valid histograms in /unix/cedar/junyingwu/contur_compare/grid_snapshot/7TeV/0097/runpoint_0097.yoda.gz
INFO - Cross section 0.006320864 pb, 200.0 generated events
INFO - Found 456 potentially valid histograms in /unix/cedar/junyingwu/contur_compare/grid_snapshot/8TeV/0097/runpoint_0097.yoda.gz
INFO - Cross section 0.009510359 pb, 200.0 generated events
INFO - Processed ConturPoint 0097, with parameter values: {'gAXd': '1.0', 'gAq': '0.25', 'gVXd': '1.0', 'gVl': '0.25', 'gVq': '0.25', 'mXd': '1254.4444444444443', 'mY1': '3610.0'}
     - SMBG=0.9834183372878789 
     - EXP=0.9778296016396264 
     - HLEXP=1.0 

INFO - No match found in the Contur Model database for the model in /unix/cedar/junyingwu/contur_compare/dissertation_runs/observable_isolated_20260803T004228+0100/runs/unprofiled_1_modified/RunInfo.
       If you want this to be added, copy the sources files into the contur Models area and remake.
INFO - No run block in /unix/cedar/junyingwu/contur_compare/grid_snapshot/param_file.dat. Will use environment variables
INFO - Writing summary for grid mode into database: /unix/cedar/junyingwu/contur_compare/dissertation_runs/observable_isolated_20260803T004228+0100/runs/unprofiled_1_modified/./ANALYSIS/contur_run.db
INFO - Writing runpoint 0097 to database
INFO - Run point 0097 written to /unix/cedar/junyingwu/contur_compare/dissertation_runs/observable_isolated_20260803T004228+0100/runs/unprofiled_1_modified/./ANALYSIS/contur_run.db
INFO - Found 1833 potentially valid histograms in /unix/cedar/junyingwu/contur_compare/grid_snapshot/13TeV/0098/runpoint_0098.yoda.gz
INFO - Cross section 0.103667 pb, 200.0 generated events
INFO - Found 13 potentially valid histograms in /unix/cedar/junyingwu/contur_compare/grid_snapshot/7TeV/0098/runpoint_0098.yoda.gz
INFO - Cross section 0.005714001 pb, 200.0 generated events
INFO - Found 456 potentially valid histograms in /unix/cedar/junyingwu/contur_compare/grid_snapshot/8TeV/0098/runpoint_0098.yoda.gz
INFO - Cross section 0.009182145 pb, 200.0 generated events
INFO - Processed ConturPoint 0098, with parameter values: {'gAXd': '1.0', 'gAq': '0.25', 'gVXd': '1.0', 'gVl': '0.25', 'gVq': '0.25', 'mXd': '1432.2222222222222', 'mY1': '3610.0'}
     - SMBG=0.9970301615519961 
     - EXP=0.9963713289815552 
     - HLEXP=1.0 

INFO - No match found in the Contur Model database for the model in /unix/cedar/junyingwu/contur_compare/dissertation_runs/observable_isolated_20260803T004228+0100/runs/unprofiled_1_modified/RunInfo.
       If you want this to be added, copy the sources files into the contur Models area and remake.
INFO - No run block in /unix/cedar/junyingwu/contur_compare/grid_snapshot/param_file.dat. Will use environment variables
INFO - Writing summary for grid mode into database: /unix/cedar/junyingwu/contur_compare/dissertation_runs/observable_isolated_20260803T004228+0100/runs/unprofiled_1_modified/./ANALYSIS/contur_run.db
INFO - Writing runpoint 0098 to database
INFO - Run point 0098 written to /unix/cedar/junyingwu/contur_compare/dissertation_runs/observable_isolated_20260803T004228+0100/runs/unprofiled_1_modified/./ANALYSIS/contur_run.db
INFO - Found 1833 potentially valid histograms in /unix/cedar/junyingwu/contur_compare/grid_snapshot/13TeV/0099/runpoint_0099.yoda.gz
INFO - Cross section 0.101392 pb, 200.0 generated events
INFO - Found 13 potentially valid histograms in /unix/cedar/junyingwu/contur_compare/grid_snapshot/7TeV/0099/runpoint_0099.yoda.gz
INFO - Cross section 0.005794532 pb, 200.0 generated events
INFO - Found 456 potentially valid histograms in /unix/cedar/junyingwu/contur_compare/grid_snapshot/8TeV/0099/runpoint_0099.yoda.gz
INFO - Cross section 0.00919395 pb, 200.0 generated events
INFO - Processed ConturPoint 0099, with parameter values: {'gAXd': '1.0', 'gAq': '0.25', 'gVXd': '1.0', 'gVl': '0.25', 'gVq': '0.25', 'mXd': '1610.0', 'mY1': '3610.0'}
     - SMBG=0.9875606764843633 
     - EXP=0.9841621890780791 
     - HLEXP=1 

INFO - No match found in the Contur Model database for the model in /unix/cedar/junyingwu/contur_compare/dissertation_runs/observable_isolated_20260803T004228+0100/runs/unprofiled_1_modified/RunInfo.
       If you want this to be added, copy the sources files into the contur Models area and remake.
INFO - No run block in /unix/cedar/junyingwu/contur_compare/grid_snapshot/param_file.dat. Will use environment variables
INFO - Writing summary for grid mode into database: /unix/cedar/junyingwu/contur_compare/dissertation_runs/observable_isolated_20260803T004228+0100/runs/unprofiled_1_modified/./ANALYSIS/contur_run.db
INFO - Writing runpoint 0099 to database
INFO - Run point 0099 written to /unix/cedar/junyingwu/contur_compare/dissertation_runs/observable_isolated_20260803T004228+0100/runs/unprofiled_1_modified/./ANALYSIS/contur_run.db
